user_id,userID,interests
1,60494,"[14, 4, 9, 0]"
2,73691,[5]
3,72468,"[12, 11, 6]"
4,76150,"[5, 15, 17]"
5,22429,[15]
6,88892,"[6, 9, 5, 1]"
7,19665,[1]
8,56372,"[2, 0, 18, 11]"
9,82420,"[1, 3]"
10,44143,"[18, 14, 7, 17, 6]"
11,22225,"[14, 0, 7]"
12,90202,[5]
13,41969,"[18, 0, 3, 13, 15]"
14,35043,"[11, 2, 4]"
15,28677,"[9, 11]"
16,76576,"[17, 12, 16]"
17,48153,"[3, 6, 2, 17, 0]"
18,36634,"[18, 19, 12, 3, 11]"
19,51555,"[13, 7, 4]"
20,34475,"[6, 2, 10, 12]"
21,72459,"[7, 11, 13, 9, 8]"
22,29601,"[10, 8, 4, 16]"
23,99587,[14]
24,46127,"[12, 17]"
25,99060,"[7, 16, 10, 19]"
26,74573,"[8, 16, 7]"
27,73759,"[13, 11, 5]"
28,12124,"[2, 13, 9]"
29,58766,[1]
30,18151,"[2, 6, 11, 16, 0]"
31,15928,"[15, 11]"
32,89473,[19]
33,14769,"[6, 2, 7, 9]"
34,26239,[2]
35,99043,"[18, 16]"
36,44068,[13]
37,55913,[0]
38,71227,"[13, 2, 12, 11]"
39,36129,"[8, 18, 1, 5, 3]"
40,84680,"[19, 0, 9, 15]"
41,17608,[14]
42,79399,"[14, 2, 9, 18, 12]"
43,97242,"[14, 17]"
44,63727,"[3, 19, 9]"
45,96195,"[10, 6, 14, 19]"
46,70024,"[7, 0]"
47,46815,"[16, 13, 8, 15]"
48,73154,"[10, 16, 1, 5]"
49,87368,"[12, 16, 11, 7, 17]"
50,64318,"[12, 7, 10]"
51,30981,[7]
52,59630,"[0, 6, 18, 4]"
53,64817,"[0, 19]"
54,30668,"[9, 5, 0, 15]"
55,83584,[7]
56,71196,"[4, 17, 1, 5]"
57,34641,"[6, 2, 14]"
58,62666,"[17, 8]"
59,11873,"[4, 15, 1]"
60,34963,"[16, 9, 13]"
61,46697,"[6, 12]"
62,61995,"[11, 4, 2, 15, 3]"
63,25175,"[16, 7, 6, 8, 13]"
64,95299,"[8, 11, 13, 19]"
65,46491,"[4, 8, 9]"
66,83184,[2]
67,15505,"[1, 18, 17, 14]"
68,93904,"[8, 18, 15, 1, 13]"
69,33368,"[7, 18, 11]"
70,11166,"[12, 14, 19, 17, 8]"
71,54238,"[15, 3, 9]"
72,91335,"[19, 10, 14]"
73,86474,"[8, 15, 13, 16]"
74,26992,[4]
75,16325,"[8, 5, 16, 10]"
76,19288,[13]
77,49220,"[13, 12, 9]"
78,73068,"[11, 7]"
79,26295,"[2, 19, 3]"
80,65906,"[1, 14, 12]"
81,31830,"[15, 12, 1, 6, 16]"
82,18629,"[18, 9]"
83,60438,[5]
84,47987,"[15, 11, 8, 14, 19]"
85,99037,"[16, 0, 17, 5, 14]"
86,38853,"[11, 6, 18, 13, 2]"
87,66521,"[5, 11, 0, 1, 18]"
88,13620,"[13, 3]"
89,25585,"[5, 3, 16, 12, 13]"
90,94016,"[19, 13, 16, 9]"
91,23714,"[0, 17, 7]"
92,81616,"[10, 16]"
93,73950,"[17, 10, 15, 14]"
94,99119,"[9, 7]"
95,99039,"[15, 3, 8]"
96,93239,[15]
97,38675,[5]
98,52182,"[16, 17, 3]"
99,88982,"[18, 9, 16, 12, 13]"
100,48585,"[17, 15, 10]"
101,77702,"[12, 10, 7, 5, 16]"
102,49380,[8]
103,31061,"[0, 1, 10, 14, 12]"
104,58669,"[10, 11, 19, 3, 17]"
105,14406,"[2, 15, 14, 13, 1]"
106,88661,"[17, 6, 11, 4, 3]"
107,47966,[0]
108,60930,"[7, 6]"
109,12684,"[11, 4, 12, 9, 6]"
110,84745,[5]
111,44341,[2]
112,60289,[6]
113,41319,"[1, 4, 16]"
114,17278,"[7, 2, 15, 14, 19]"
115,88900,"[11, 18, 1, 7]"
116,63888,"[11, 15, 2, 3, 5]"
117,16164,"[11, 10, 2]"
118,14255,"[5, 18, 7, 19, 9]"
119,81977,"[10, 1, 12]"
120,24548,"[6, 3, 7]"
121,95258,"[8, 16, 10]"
122,26660,"[18, 10]"
123,78027,"[7, 6, 10, 13, 16]"
124,68271,[8]
125,56734,[5]
126,73722,[13]
127,97360,[16]
128,92238,"[2, 11]"
129,29095,"[9, 16, 13, 6]"
130,21014,"[16, 15, 18, 3]"
131,30467,"[17, 7]"
132,13949,"[9, 10, 2, 3]"
133,43106,"[7, 13]"
134,13850,"[15, 17, 4]"
135,40211,"[5, 6, 0]"
136,37260,"[16, 5]"
137,10941,"[5, 15, 0, 8]"
138,89278,"[3, 5, 15]"
139,69512,"[17, 5, 0, 2]"
140,27060,"[18, 2, 0, 7, 19]"
141,48355,"[12, 17, 18, 16, 9]"
142,93350,"[5, 18, 15]"
143,23445,"[19, 8]"
144,26414,"[2, 17, 16]"
145,41019,"[15, 2, 19, 12]"
146,96926,"[0, 3, 18]"
147,61616,"[4, 19]"
148,49241,"[0, 11, 1]"
149,87473,"[1, 4, 9, 11, 16]"
150,21082,"[0, 19, 3]"
151,93498,"[13, 14, 17, 5, 3]"
152,52030,[4]
153,71720,"[16, 0, 5, 7]"
154,24700,"[9, 15, 7]"
155,62268,[13]
156,32903,"[11, 9]"
157,78596,"[13, 0, 19, 7, 12]"
158,93532,"[14, 10, 16]"
159,10241,"[5, 13, 11, 16]"
160,38669,"[10, 19, 7]"
161,81461,[3]
162,71791,"[1, 19, 14]"
163,81269,"[10, 13, 9, 19]"
164,25837,"[9, 4, 3]"
165,10033,[2]
166,61935,"[15, 12, 6, 2]"
167,56376,"[3, 4, 1]"
168,88041,[10]
169,50056,"[10, 1, 9]"
170,31437,"[10, 17, 4]"
171,78135,"[14, 5, 7, 19, 9]"
172,37561,"[8, 0, 15]"
173,62876,[2]
174,84479,[7]
175,25796,"[13, 5, 8, 3]"
176,28288,[2]
177,64408,"[7, 1, 19, 9, 0]"
178,75741,[6]
179,68193,"[13, 12, 11, 5]"
180,16868,"[2, 7, 9]"
181,61244,"[9, 18]"
182,20665,[12]
183,25224,"[18, 4, 10, 11, 16]"
184,39712,"[5, 1, 7]"
185,35061,"[0, 14, 15, 3]"
186,60348,"[9, 1]"
187,67051,"[3, 8, 19]"
188,29333,"[11, 2, 4, 7]"
189,68212,"[10, 13]"
190,66005,"[8, 10, 19, 15]"
191,35715,"[10, 17]"
192,16526,"[0, 10, 1, 18]"
193,34478,"[3, 4, 1, 18, 7]"
194,40548,"[11, 10]"
195,47280,"[14, 15, 13]"
196,92821,"[0, 8, 9, 14, 18]"
197,43390,"[13, 14, 8, 2]"
198,15535,"[15, 3, 17]"
199,47985,"[13, 11, 18]"
200,99195,"[8, 15, 5, 17, 14]"
201,38963,"[1, 10, 14, 9, 18]"
202,89476,[7]
203,69735,[1]
204,15813,"[1, 15, 8, 16]"
205,78749,"[5, 3]"
206,42935,"[6, 9, 18, 14]"
207,43376,"[14, 10]"
208,15833,"[4, 0]"
209,11206,"[11, 13, 3]"
210,16221,[8]
211,67685,"[14, 16, 18, 3]"
212,30158,"[5, 3, 2, 1]"
213,67755,[7]
214,15157,"[1, 3, 16, 4]"
215,26788,"[14, 6, 2, 1]"
216,66995,"[7, 8]"
217,36369,"[7, 5]"
218,89255,"[2, 13, 7]"
219,45723,"[16, 2, 8, 19]"
220,22963,"[11, 19, 17]"
221,38582,"[19, 18, 9, 12]"
222,80192,"[13, 5]"
223,60422,"[10, 2, 17]"
224,57042,"[8, 5, 1, 3]"
225,81648,"[17, 16, 6, 9]"
226,18491,"[5, 11, 6, 15, 17]"
227,58915,"[10, 1]"
228,27994,"[5, 16, 15, 18]"
229,86733,"[2, 7]"
230,30348,"[18, 10, 1]"
231,27770,[12]
232,75108,"[7, 5, 14, 2, 9]"
233,40630,"[19, 3]"
234,27372,"[9, 5, 11, 6]"
235,90742,"[4, 5, 16, 7, 18]"
236,69716,"[16, 12, 0]"
237,82813,"[9, 19]"
238,73034,[2]
239,43968,[3]
240,51473,[12]
241,37349,"[10, 16, 2, 0, 14]"
242,54979,[15]
243,44092,[9]
244,12225,"[16, 4, 10]"
245,92632,"[12, 5, 1, 7, 0]"
246,92290,"[19, 1, 18, 10, 0]"
247,39592,"[18, 0, 17]"
248,55210,"[18, 16, 15, 0]"
249,68846,"[2, 9, 14, 13]"
250,33191,"[10, 0, 7]"
251,60157,[13]
252,79643,[0]
253,26068,"[8, 3, 18, 15, 16]"
254,10407,"[19, 5, 7, 18]"
255,77362,"[6, 3, 16]"
256,33104,"[9, 17, 12, 5, 7]"
257,32130,"[6, 8, 18]"
258,88365,[12]
259,90601,"[8, 3, 4]"
260,13573,"[19, 3, 6]"
261,98033,"[7, 15, 9]"
262,56636,"[14, 5]"
263,54255,"[12, 15, 9]"
264,11937,"[8, 16, 9, 5, 17]"
265,82148,"[7, 13]"
266,84776,"[5, 10, 12]"
267,69758,"[5, 18]"
268,55428,"[16, 8, 3, 12, 19]"
269,14492,"[15, 8, 5]"
270,47981,"[4, 8, 1, 5, 7]"
271,54601,"[0, 8, 9, 4, 5]"
272,37390,[6]
273,86827,"[1, 18, 8]"
274,53340,[19]
275,30469,"[1, 6, 0, 10, 7]"
276,52336,"[9, 6, 2, 13]"
277,32286,"[14, 19, 13]"
278,67919,"[3, 17]"
279,72968,"[4, 15, 10, 12]"
280,19207,"[12, 15]"
281,79406,[6]
282,30630,"[9, 19, 18]"
283,89304,"[10, 6, 1, 19, 17]"
284,50815,"[11, 3, 15, 9, 14]"
285,43841,"[15, 18]"
286,66583,"[12, 17, 5, 18]"
287,77022,"[9, 12, 5]"
288,83830,[4]
289,83609,"[18, 8, 12, 11]"
290,12056,"[12, 8, 3]"
291,99162,"[18, 14, 17, 12, 10]"
292,75141,"[5, 9, 4]"
293,41729,"[3, 17, 18]"
294,20213,"[9, 7, 2, 15, 18]"
295,76702,"[13, 11, 19, 14, 15]"
296,65934,[8]
297,67306,"[13, 7, 0, 9, 18]"
298,50241,"[1, 15, 16, 11]"
299,36579,"[4, 14, 0, 13]"
300,15035,"[14, 9, 17, 8]"
301,26621,"[7, 3]"
302,62178,"[8, 12, 13, 0, 14]"
303,15450,[15]
304,10588,[1]
305,71748,"[9, 5, 6, 16]"
306,51261,"[18, 2]"
307,63269,"[19, 3, 2, 16]"
308,50120,"[5, 11, 15, 2, 9]"
309,73031,"[15, 3, 9]"
310,82737,"[3, 10]"
311,86792,[0]
312,36424,"[16, 6]"
313,43979,"[8, 5, 9, 2, 18]"
314,68828,"[13, 8, 11, 4, 0]"
315,33195,"[7, 6, 13, 18]"
316,35282,"[6, 2, 19]"
317,78454,"[7, 19]"
318,95879,"[18, 14, 7, 2, 5]"
319,17492,"[16, 18]"
320,20484,"[3, 15, 14, 1]"
321,69189,[3]
322,57455,[2]
323,33933,"[6, 9]"
324,89623,"[14, 1, 15, 9]"
325,18131,"[2, 9, 0]"
326,88702,"[19, 3, 15, 16]"
327,20147,"[17, 1, 19]"
328,89186,"[16, 13, 10]"
329,69459,"[13, 17, 5]"
330,44622,"[6, 7]"
331,22622,"[18, 9, 2]"
332,62922,"[10, 13, 2, 19]"
333,75015,[13]
334,80203,"[12, 10, 1, 4]"
335,13643,[14]
336,56995,"[12, 15, 10]"
337,77711,"[16, 9, 10, 1, 0]"
338,59373,"[5, 2, 16]"
339,29252,"[6, 5, 19]"
340,30837,"[14, 13]"
341,13125,"[13, 3, 14, 15]"
342,15789,"[13, 9, 6]"
343,53066,"[15, 17]"
344,31446,"[13, 11]"
345,28087,"[9, 6]"
346,31252,"[9, 10, 12, 0, 14]"
347,29513,"[4, 7]"
348,10484,"[14, 8, 16, 13, 12]"
349,85104,"[4, 1, 0]"
350,59790,"[4, 16, 9, 0]"
351,42500,"[5, 16]"
352,79907,"[12, 14, 5, 10, 19]"
353,84201,[17]
354,67152,"[4, 9, 15, 17]"
355,61752,"[12, 19]"
356,86202,"[7, 12, 18, 10]"
357,79020,[18]
358,41066,"[8, 10, 15, 14]"
359,61219,"[8, 12, 16, 2, 19]"
360,28901,"[16, 9, 18, 15]"
361,61525,"[0, 10, 2, 12, 19]"
362,89191,"[19, 8, 7]"
363,72175,"[4, 11]"
364,76002,[16]
365,71954,"[1, 18, 17]"
366,33186,"[3, 6]"
367,48156,"[15, 4, 14, 17, 11]"
368,45267,"[7, 18, 8]"
369,27584,"[8, 14, 5]"
370,31726,"[4, 0, 13]"
371,19983,"[1, 19, 17, 10]"
372,28127,"[13, 4]"
373,39917,"[6, 10, 12, 14, 2]"
374,56789,[0]
375,99678,"[2, 19, 3, 11]"
376,44310,"[3, 2, 5]"
377,53488,"[10, 0, 14, 7]"
378,82807,"[18, 3, 12, 15, 9]"
379,55419,"[4, 3, 1, 18]"
380,50128,"[7, 14, 6, 11]"
381,99579,"[18, 4, 12, 3, 1]"
382,88049,"[10, 0, 9, 15, 7]"
383,88090,"[12, 1, 15, 2]"
384,59264,"[18, 14, 11]"
385,57469,"[17, 6]"
386,58377,"[10, 7, 17]"
387,30846,"[18, 13, 0, 12, 1]"
388,13379,"[1, 6, 2, 0]"
389,96592,"[5, 8, 1, 13, 7]"
390,63086,"[5, 4, 13]"
391,60884,"[4, 17, 0, 7]"
392,59158,"[0, 15]"
393,40552,"[3, 17, 6]"
394,45217,"[4, 5]"
395,44774,"[6, 13, 8, 7]"
396,30911,"[5, 9, 0]"
397,69889,"[19, 6, 0]"
398,63737,[15]
399,48888,"[1, 4, 18, 3, 19]"
400,28170,"[14, 0]"
401,83233,[3]
402,62999,"[19, 11, 18]"
403,71992,"[0, 6, 7, 11]"
404,22783,"[15, 8, 13, 11, 5]"
405,45973,"[19, 9, 12]"
406,76712,"[2, 0, 9, 18]"
407,85191,"[17, 2, 10, 7, 3]"
408,59959,"[2, 18, 9]"
409,36124,"[5, 12]"
410,47080,[18]
411,62585,[1]
412,39969,"[8, 13, 19, 18, 7]"
413,66612,"[11, 3]"
414,47107,"[14, 19, 1]"
415,68456,"[1, 5, 9]"
416,34502,"[19, 1, 15, 0, 14]"
417,99273,"[2, 17, 4, 13, 16]"
418,77309,"[11, 18, 12]"
419,91014,"[19, 14, 18, 17, 7]"
420,50790,"[19, 16, 8, 13]"
421,99642,"[7, 18, 4, 2]"
422,39802,"[17, 13, 9, 7]"
423,15300,"[6, 3, 18, 14, 17]"
424,52835,"[10, 12]"
425,57730,"[17, 8, 14, 10]"
426,80068,"[14, 1, 16, 2, 19]"
427,20690,"[1, 15, 19, 10]"
428,78186,"[9, 1, 19, 5, 15]"
429,40710,"[0, 16, 15, 17, 1]"
430,10048,"[15, 10, 13]"
431,90709,"[3, 15, 17]"
432,58164,[11]
433,88106,[11]
434,45765,"[2, 9, 8, 13]"
435,59664,"[6, 10]"
436,51882,"[17, 7]"
437,25773,"[5, 16, 6, 19, 14]"
438,76715,"[19, 18, 8]"
439,81797,"[3, 17, 5, 8, 1]"
440,59444,"[0, 15]"
441,69480,[9]
442,63776,"[9, 10, 16]"
443,82412,"[0, 2, 6, 16]"
444,39357,"[10, 8, 6, 18]"
445,72271,"[4, 11, 0, 8]"
446,57182,"[5, 10, 11, 14]"
447,78469,"[13, 15, 1, 8]"
448,92693,"[14, 10]"
449,53835,"[14, 3, 12, 7, 1]"
450,61157,"[8, 12, 0]"
451,31956,[5]
452,99402,"[9, 15]"
453,78053,"[4, 7]"
454,96927,"[5, 16]"
455,41846,"[15, 13, 14, 8, 6]"
456,82852,"[12, 17, 3, 18, 2]"
457,27585,"[13, 11, 8, 12, 4]"
458,89950,[16]
459,77596,[1]
460,99525,"[10, 9, 5, 14, 2]"
461,31392,"[15, 14, 1, 12, 10]"
462,67428,"[3, 0]"
463,71416,"[15, 2, 12]"
464,30417,"[4, 3, 15]"
465,37527,[14]
466,63233,"[5, 17, 3, 6, 7]"
467,86739,"[10, 14, 2, 16]"
468,97656,"[6, 4, 15, 10]"
469,74187,"[7, 13, 17, 2, 16]"
470,18656,"[12, 3, 5, 2, 6]"
471,12004,"[7, 11, 3, 13, 9]"
472,57187,"[4, 10, 3, 17]"
473,41342,"[9, 10, 17, 8, 4]"
474,58170,"[17, 11]"
475,87793,"[8, 11, 4, 17]"
476,60163,"[1, 18]"
477,39924,"[5, 9, 18, 12, 10]"
478,30288,"[3, 19, 16, 5, 13]"
479,73575,"[2, 12]"
480,60532,[11]
481,28578,[19]
482,14166,"[0, 9, 15, 4]"
483,55065,"[19, 1, 14, 0]"
484,81004,"[19, 11, 18, 5, 13]"
485,31158,"[7, 18]"
486,53460,"[5, 3, 17, 12, 15]"
487,23018,[17]
488,42967,"[15, 9, 19]"
489,26811,"[15, 5]"
490,55524,"[0, 2, 12, 11, 14]"
491,33224,"[2, 9, 10]"
492,67538,"[15, 11, 8, 7, 16]"
493,81732,[12]
494,51121,[19]
495,10059,"[10, 5, 17, 11]"
496,52371,[16]
497,25028,"[19, 15, 4, 17]"
498,36399,"[9, 7]"
499,64344,"[18, 16, 0, 13, 9]"
500,70680,"[17, 3]"
501,92355,"[4, 5, 6]"
502,14108,"[5, 11, 9, 15]"
503,19984,[16]
504,95654,"[9, 14]"
505,77712,"[17, 15, 1]"
506,60936,"[12, 16, 9, 18]"
507,43222,"[3, 17, 12, 19, 1]"
508,74159,[12]
509,59082,"[4, 12, 0]"
510,72563,"[2, 5, 0, 6]"
511,50409,"[19, 10, 14]"
512,67366,"[1, 16, 3, 11, 8]"
513,26326,"[0, 1, 13]"
514,62981,"[7, 0, 3, 5]"
515,31526,"[1, 12, 16, 0, 7]"
516,39007,"[15, 14, 7, 5]"
517,82309,[7]
518,40491,[13]
519,41896,[1]
520,32020,"[13, 8, 4, 14, 16]"
521,12757,"[15, 5, 8, 11]"
522,18174,"[10, 8, 9]"
523,60843,"[17, 10, 7, 19]"
524,74642,"[15, 17, 2, 9]"
525,11527,"[12, 11]"
526,61887,"[19, 3]"
527,55258,"[2, 7, 14, 1]"
528,30672,"[7, 15, 12]"
529,15943,"[18, 19]"
530,42635,[10]
531,88619,"[10, 17, 9, 16]"
532,56032,[4]
533,75765,"[15, 18, 17]"
534,36162,"[3, 10, 13]"
535,67720,"[14, 17, 15]"
536,53499,[11]
537,61886,"[2, 8, 11]"
538,49046,"[11, 1, 10]"
539,44754,"[5, 19, 6, 0, 11]"
540,88297,"[18, 8, 17, 0]"
541,66809,"[9, 4, 19]"
542,16836,"[8, 14, 10, 11, 2]"
543,19014,[14]
544,10137,"[19, 5, 17, 8]"
545,96676,[2]
546,11181,[17]
547,50685,"[1, 5, 13, 3, 2]"
548,57615,[2]
549,25117,[15]
550,45722,"[11, 12, 8, 7, 0]"
551,35796,"[8, 19, 9]"
552,75051,"[10, 17]"
553,63436,"[11, 17, 18, 1]"
554,89230,[9]
555,75858,"[16, 9, 3, 10, 8]"
556,18056,[3]
557,96117,"[14, 2, 5]"
558,89818,"[6, 16, 4, 7]"
559,70117,[10]
560,83259,"[2, 14, 1, 10]"
561,97941,"[19, 14, 8]"
562,26567,"[6, 0]"
563,73213,"[6, 15]"
564,99728,"[17, 2]"
565,93267,[13]
566,19795,"[12, 16]"
567,26104,[19]
568,13545,"[13, 7]"
569,21151,[13]
570,16384,"[9, 10, 13, 18]"
571,13618,"[5, 13, 15, 19]"
572,83435,"[8, 0, 14, 7, 11]"
573,17179,"[0, 5, 17]"
574,83474,"[7, 4, 9, 16]"
575,32066,[18]
576,43123,[18]
577,93408,"[13, 3]"
578,11344,[19]
579,76493,"[0, 11, 15, 9]"
580,10842,"[18, 0, 3, 1, 16]"
581,85806,"[14, 15, 0, 10, 5]"
582,69121,[10]
583,80215,"[7, 2, 5, 17]"
584,62861,[13]
585,19702,"[9, 1]"
586,77035,[3]
587,28766,[9]
588,84082,"[14, 4]"
589,84093,"[6, 16, 9, 13]"
590,62707,"[0, 10, 13, 9]"
591,77162,[1]
592,14927,"[1, 4, 8, 9]"
593,54861,"[2, 19, 9]"
594,24542,[8]
595,81532,[16]
596,84698,"[10, 2, 5, 7, 6]"
597,33569,"[2, 0, 17, 6]"
598,64930,[6]
599,95767,"[7, 12, 15]"
600,99576,"[9, 3, 17]"
601,72945,"[5, 14, 15, 9]"
602,47720,"[0, 10]"
603,69537,"[17, 6, 11, 0]"
604,85810,"[7, 5, 3, 16]"
605,92379,"[1, 17, 3, 8]"
606,41093,"[18, 10, 2, 11]"
607,37704,"[1, 6, 18, 19, 17]"
608,86959,[12]
609,88554,"[19, 14]"
610,52212,"[2, 17, 0]"
611,43646,"[0, 17]"
612,88177,"[4, 18, 6, 14]"
613,88685,"[18, 2]"
614,80886,"[19, 6]"
615,61076,"[3, 6]"
616,63308,"[19, 4]"
617,35177,"[3, 7, 9, 17]"
618,83035,"[7, 3]"
619,47718,"[4, 14, 17]"
620,98305,"[10, 4]"
621,17696,"[16, 15, 10, 14, 0]"
622,90607,"[3, 10, 0, 8, 7]"
623,73139,"[4, 9, 18, 12]"
624,20509,"[15, 10, 9]"
625,77248,[4]
626,83860,"[2, 13, 16, 0, 5]"
627,22514,"[7, 3, 9, 8]"
628,61300,[14]
629,90100,[16]
630,34078,"[18, 8, 6, 7, 4]"
631,39925,"[4, 15, 19, 3, 11]"
632,29040,[1]
633,97010,"[1, 0, 9, 4, 3]"
634,36066,[1]
635,98880,"[12, 17, 3, 0, 19]"
636,45501,"[6, 0, 17, 15]"
637,88528,"[10, 7, 19, 17]"
638,37149,"[4, 8, 9, 1, 15]"
639,80588,"[4, 8, 1, 15, 13]"
640,97793,"[11, 16, 4, 17, 13]"
641,68011,[11]
642,46089,"[16, 6, 9, 14]"
643,45672,"[0, 10, 9, 2, 19]"
644,38556,"[10, 13, 18]"
645,32963,"[14, 7, 4, 18, 5]"
646,95419,"[13, 6, 14, 1, 17]"
647,28898,[2]
648,35569,[8]
649,67736,[14]
650,55131,"[16, 2, 4, 8, 9]"
651,82034,[7]
652,80921,"[15, 12, 10, 5, 4]"
653,90832,"[6, 14, 13, 7, 4]"
654,64507,[14]
655,21498,"[5, 16, 6, 13]"
656,98275,"[14, 8, 6, 3]"
657,14231,"[9, 10, 1, 14]"
658,88447,"[11, 0, 4, 12, 18]"
659,37868,[3]
660,35095,"[3, 7, 17, 0]"
661,82120,"[5, 19, 13]"
662,98166,"[16, 1, 5, 12, 11]"
663,55979,"[10, 4]"
664,94475,"[8, 10, 17, 1, 11]"
665,99405,"[16, 17, 0, 12]"
666,41011,"[12, 10, 1, 2]"
667,95060,"[2, 8, 13]"
668,97930,"[11, 6, 15, 9, 7]"
669,58571,"[10, 12]"
670,41466,"[17, 12, 19]"
671,93014,[3]
672,25172,"[18, 11]"
673,57119,[5]
674,78346,"[14, 16]"
675,61742,"[6, 4, 13, 7]"
676,92503,"[1, 2, 8, 10, 4]"
677,88952,"[1, 17, 11, 5]"
678,29477,[8]
679,25305,"[19, 16, 9]"
680,80284,"[12, 3]"
681,49174,[0]
682,94854,"[18, 10]"
683,15600,"[8, 7]"
684,21307,"[15, 0, 16]"
685,43666,"[7, 9, 1, 2]"
686,98975,"[11, 0, 19]"
687,92319,[0]
688,88783,"[6, 10, 14]"
689,30230,"[13, 16]"
690,22512,"[0, 18, 11]"
691,43812,"[7, 19]"
692,28528,[14]
693,43284,"[19, 14, 7, 10, 0]"
694,48860,"[8, 13]"
695,87667,"[2, 18]"
696,37918,"[19, 5, 11, 9]"
697,42831,[18]
698,26930,[16]
699,60887,"[6, 19, 11, 16]"
700,95071,"[6, 11]"
701,50144,"[14, 17, 6]"
702,60635,"[13, 9, 7, 6]"
703,76898,"[1, 9, 2]"
704,77837,[11]
705,44968,"[17, 14]"
706,35931,"[16, 19, 14, 5, 17]"
707,77552,"[3, 13, 12, 2, 14]"
708,45144,"[16, 12, 7, 11, 10]"
709,54418,"[9, 3, 10, 8, 13]"
710,96186,"[18, 8, 14]"
711,53309,[5]
712,94013,"[11, 0, 16, 2]"
713,67856,"[0, 13, 12, 9]"
714,66057,"[15, 7, 19, 0, 9]"
715,23836,[11]
716,22590,"[7, 10]"
717,95797,"[3, 5, 4, 16]"
718,65293,[17]
719,49501,[1]
720,97659,"[7, 10]"
721,10199,"[6, 10, 9]"
722,36004,"[2, 10, 8, 15, 3]"
723,84907,"[17, 0, 12, 8]"
724,68946,"[7, 14, 4, 19, 9]"
725,24042,"[9, 19]"
726,81404,"[7, 6, 5, 17, 13]"
727,23416,"[10, 2]"
728,24583,[0]
729,70980,"[4, 5, 15, 8]"
730,67652,"[2, 18]"
731,23165,"[4, 6, 11, 2]"
732,43618,[7]
733,83367,"[15, 12, 16, 5, 13]"
734,87203,"[6, 0, 15, 8]"
735,47131,"[16, 10, 0]"
736,92429,"[3, 1, 9]"
737,55165,"[16, 0, 12, 11]"
738,39129,"[12, 14]"
739,58799,[9]
740,98552,"[16, 3, 18, 6, 1]"
741,70199,"[4, 17]"
742,88857,"[12, 0, 9, 7, 5]"
743,74427,"[3, 16]"
744,58200,"[13, 10, 0, 17, 1]"
745,74271,"[15, 9, 13, 3, 14]"
746,98052,"[10, 3, 16, 18]"
747,20317,"[14, 10, 17]"
748,54922,[8]
749,68835,"[1, 10]"
750,21281,[0]
751,59934,"[19, 17]"
752,62499,"[18, 1, 7]"
753,98256,"[5, 18, 19]"
754,61758,"[4, 3, 18, 13, 17]"
755,49853,"[15, 2, 12, 11, 3]"
756,94712,"[2, 15, 9]"
757,67560,"[0, 19, 9, 13]"
758,53437,"[8, 17, 7, 19]"
759,54414,"[18, 11, 0, 1]"
760,75157,"[11, 6, 9, 3]"
761,39993,"[10, 14, 18]"
762,99007,[16]
763,47937,[17]
764,14962,"[11, 5, 12, 18]"
765,23973,"[10, 8, 18]"
766,50011,"[2, 15, 11, 3, 12]"
767,45022,[0]
768,17844,"[8, 1]"
769,93046,"[2, 17, 7]"
770,59494,"[6, 10, 5, 9, 1]"
771,58345,"[2, 9, 12, 15, 10]"
772,14337,[14]
773,71568,"[18, 4, 8, 12, 16]"
774,27688,"[2, 15, 1, 12, 19]"
775,36446,"[9, 7, 5]"
776,72073,"[18, 1, 3]"
777,80760,"[18, 4, 13]"
778,77036,"[11, 15]"
779,14599,"[16, 18, 7, 6, 14]"
780,59563,"[5, 10, 15, 13]"
781,83622,"[7, 18, 3, 1, 14]"
782,84185,"[5, 17]"
783,47175,"[8, 7, 16, 17]"
784,11045,[1]
785,95522,"[10, 6, 14, 18]"
786,74166,"[4, 3, 6, 10]"
787,44176,"[11, 16, 7, 4]"
788,96053,"[10, 19]"
789,36228,"[16, 19]"
790,92875,"[15, 13]"
791,90947,"[17, 0, 4]"
792,23519,[5]
793,83049,"[3, 19, 10, 18, 16]"
794,40352,[6]
795,80396,[13]
796,44332,"[11, 16]"
797,53899,[9]
798,39717,"[16, 7, 5, 3]"
799,78653,"[14, 7, 1, 8]"
800,89981,"[3, 18, 5, 19, 13]"
801,43823,"[3, 15, 5, 13]"
802,53174,"[18, 7, 17, 4, 15]"
803,81910,"[12, 19, 17]"
804,34834,"[7, 8, 6, 15]"
805,87745,"[1, 0, 7, 19, 15]"
806,57869,"[4, 15, 18, 19, 7]"
807,57668,"[11, 9]"
808,39890,[13]
809,97413,"[19, 9, 18, 16]"
810,64182,[19]
811,59974,"[9, 19]"
812,43121,"[16, 18, 2, 11, 13]"
813,10290,"[14, 17, 15]"
814,22942,"[19, 14, 10, 7]"
815,43634,"[12, 7, 5]"
816,74289,"[2, 16]"
817,43686,"[7, 15, 18, 8, 12]"
818,89681,"[1, 4, 19, 16]"
819,75814,"[16, 19, 12, 10, 8]"
820,96000,"[8, 3]"
821,64328,[6]
822,13842,"[5, 17, 0]"
823,79930,[17]
824,68314,"[14, 12, 16]"
825,13275,"[15, 2, 19, 9, 18]"
826,18740,[16]
827,89474,"[10, 5, 4, 19, 13]"
828,51372,[16]
829,74060,[12]
830,39369,"[11, 6]"
831,61621,"[8, 12, 11, 16, 19]"
832,28305,"[17, 6, 8, 5, 2]"
833,35501,"[4, 0, 1, 10]"
834,78621,"[5, 15, 12]"
835,27744,"[17, 9]"
836,27115,[7]
837,53232,[2]
838,50165,"[14, 6, 2]"
839,33657,[8]
840,63031,"[19, 15, 8]"
841,44971,"[14, 9]"
842,59384,[9]
843,65585,"[15, 5, 4, 18, 12]"
844,27937,"[9, 16, 4]"
845,68965,[1]
846,26718,"[14, 8, 2]"
847,22700,"[14, 18]"
848,21466,"[10, 12]"
849,96826,[17]
850,50591,"[6, 4]"
851,34801,"[8, 1]"
852,83108,[16]
853,20401,"[11, 6, 2, 3]"
854,16683,"[1, 0]"
855,70799,"[17, 7]"
856,17563,[3]
857,89627,[3]
858,23063,"[11, 4, 14, 18]"
859,49600,"[4, 9, 6, 10]"
860,69324,[1]
861,94776,"[13, 18, 4]"
862,31212,"[9, 8, 17]"
863,98570,[14]
864,53517,"[7, 13, 5]"
865,17374,"[5, 14, 17, 10]"
866,39645,"[5, 4, 8]"
867,67668,"[2, 19]"
868,25870,"[17, 6, 4, 10, 1]"
869,90863,"[8, 19, 7, 17, 12]"
870,87298,"[7, 17, 14, 10, 6]"
871,48796,[6]
872,45597,[17]
873,24437,"[18, 19, 14]"
874,16363,[17]
875,83593,"[8, 6, 2, 0]"
876,89719,"[13, 17, 5, 7]"
877,74799,"[0, 15]"
878,13414,"[9, 10, 8, 5]"
879,21016,"[7, 17, 11, 2, 12]"
880,17203,"[12, 18, 13]"
881,18219,"[0, 8]"
882,57165,"[16, 18, 19, 3, 6]"
883,91212,"[10, 6, 4, 18, 8]"
884,61398,"[18, 4, 17]"
885,10963,"[7, 5, 15, 18]"
886,30115,[1]
887,26949,"[2, 15]"
888,69297,"[17, 3]"
889,53213,"[5, 6, 3, 7, 12]"
890,68152,"[8, 18, 5]"
891,62899,[18]
892,38056,"[7, 10, 1, 18]"
893,66173,"[0, 14, 19, 16]"
894,32388,"[17, 8]"
895,45478,"[11, 1, 16, 2]"
896,96686,"[8, 13]"
897,66888,"[7, 8, 19, 15, 3]"
898,17130,"[4, 9, 7, 5, 3]"
899,22382,[0]
900,94684,"[15, 5]"
901,59370,[11]
902,78455,"[13, 0, 1]"
903,88275,"[19, 5]"
904,28394,"[17, 16, 2, 0, 5]"
905,34705,"[6, 14, 1, 18, 11]"
906,44827,"[17, 12, 0]"
907,32170,"[5, 16]"
908,81596,"[18, 4, 12, 8]"
909,18166,[16]
910,42535,[0]
911,26240,"[9, 1]"
912,48920,"[18, 11, 5]"
913,17742,"[17, 4, 13, 18, 10]"
914,83445,"[17, 5, 2]"
915,91312,"[1, 6, 12, 18]"
916,83113,"[8, 5]"
917,18861,"[7, 17, 2, 18]"
918,71370,"[6, 3, 17, 11]"
919,69720,"[6, 1, 13, 12, 8]"
920,53195,[2]
921,68285,"[14, 18, 13, 5, 15]"
922,64277,"[3, 8, 12, 2]"
923,30535,"[19, 3]"
924,69352,[12]
925,54509,"[11, 8, 9]"
926,57130,"[1, 12, 18, 19]"
927,41759,[16]
928,13631,[0]
929,87320,"[19, 9, 4]"
930,15030,"[7, 5]"
931,39206,"[11, 2, 6, 3, 12]"
932,54164,[6]
933,31330,"[6, 0, 16, 1]"
934,36175,"[14, 13, 5, 17, 8]"
935,49557,"[10, 18]"
936,63179,"[4, 11, 13, 8]"
937,34354,"[6, 7, 4]"
938,98683,"[6, 5, 3, 19]"
939,52469,"[15, 16, 6]"
940,32222,[14]
941,89733,"[19, 16, 18, 13, 17]"
942,38023,"[6, 18]"
943,87886,"[19, 7, 3, 11, 5]"
944,96316,[1]
945,84436,[5]
946,10107,"[13, 7, 16]"
947,39646,"[19, 11]"
948,56404,"[1, 15, 19, 13, 16]"
949,49373,"[17, 1]"
950,11900,"[14, 17]"
951,66446,"[6, 15]"
952,33003,"[17, 15, 6]"
953,97666,"[18, 14, 15, 4]"
954,60287,"[19, 7, 10, 16, 8]"
955,81827,"[18, 6, 19, 15, 14]"
956,63133,"[14, 16, 8]"
957,13447,[4]
958,36344,"[16, 2, 8, 7, 0]"
959,64420,"[4, 10]"
960,36211,"[13, 8, 7, 6, 11]"
961,35847,"[0, 3, 7, 5]"
962,48490,"[1, 2]"
963,28859,"[8, 1, 3, 10]"
964,46137,"[3, 19, 7]"
965,84560,"[17, 19, 13, 1, 16]"
966,39094,"[7, 4, 17, 19, 16]"
967,83412,"[3, 16, 7, 5, 10]"
968,16030,"[15, 4]"
969,73731,"[18, 8, 15]"
970,80817,"[2, 17, 9, 16, 10]"
971,13692,"[18, 9, 5, 19, 12]"
972,91142,"[4, 17, 0]"
973,11730,"[6, 17]"
974,38333,"[18, 0, 4, 6]"
975,64625,"[9, 5, 19, 1, 14]"
976,35323,"[11, 16, 8, 6]"
977,74497,[13]
978,44716,[3]
979,40487,"[18, 12, 8, 10, 7]"
980,99790,"[11, 18]"
981,97136,[17]
982,13521,"[8, 1, 18, 5, 16]"
983,77001,[5]
984,75552,"[3, 4, 9, 17]"
985,33523,"[3, 7, 12, 17, 16]"
986,48626,"[8, 17, 6]"
987,42387,"[15, 17, 1, 19, 18]"
988,35262,"[14, 6, 16, 2, 9]"
989,23539,"[11, 9, 17]"
990,56037,"[1, 16, 5]"
991,70412,[10]
992,89913,"[1, 8, 3, 19, 16]"
993,15980,"[16, 3, 12, 18]"
994,70763,"[3, 2, 7, 18, 12]"
995,61628,"[12, 2, 11, 3]"
996,65749,"[7, 4, 9]"
997,84191,"[13, 17]"
998,78651,"[4, 18, 0, 3]"
999,31371,"[11, 0, 5, 7, 6]"
1000,48791,[19]
1001,66633,"[8, 19, 17]"
1002,34497,"[15, 12, 9, 7]"
1003,53875,[12]
1004,89484,"[15, 4, 19, 0]"
1005,83652,"[9, 15]"
1006,90638,"[18, 12]"
1007,37364,[17]
1008,77136,"[0, 16]"
1009,44125,"[1, 15, 11, 7, 9]"
1010,15012,"[13, 18, 14, 11]"
1011,53879,"[19, 18]"
1012,52112,"[3, 13]"
1013,57452,"[14, 7, 13, 8]"
1014,36390,"[12, 7, 1, 9]"
1015,80575,"[16, 19, 5, 10, 8]"
1016,81446,"[15, 5, 12, 19, 6]"
1017,22153,[8]
1018,82919,[18]
1019,41774,"[13, 1, 5]"
1020,51600,"[12, 1, 15, 14]"
1021,46048,"[7, 17]"
1022,11424,"[11, 8, 6]"
1023,84955,"[10, 13, 6, 0, 17]"
1024,97531,"[6, 4, 19, 2]"
1025,43471,"[4, 6, 5, 18, 0]"
1026,95806,"[5, 8, 9]"
1027,90835,"[19, 6, 8]"
1028,40423,"[9, 11, 1]"
1029,21998,"[12, 7, 4, 0]"
1030,61835,[18]
1031,92016,"[9, 14, 6, 16, 15]"
1032,26611,"[18, 14, 0, 8, 4]"
1033,87965,"[0, 6, 14]"
1034,61466,[17]
1035,25856,[7]
1036,77335,"[18, 10, 15, 8]"
1037,86960,[8]
1038,67110,"[10, 7, 13, 4]"
1039,53133,"[7, 18]"
1040,12397,"[19, 14]"
1041,77741,[16]
1042,77463,[6]
1043,36319,"[6, 10]"
1044,50214,[10]
1045,89100,"[15, 0, 14, 16]"
1046,30128,"[9, 13, 3, 8]"
1047,46483,"[5, 17, 12, 15, 7]"
1048,69551,[14]
1049,20883,[7]
1050,42896,"[15, 9, 3, 11, 12]"
1051,17474,"[15, 4, 19, 9, 12]"
1052,47320,[18]
1053,49693,"[19, 2]"
1054,19844,"[9, 15]"
1055,91571,"[8, 12, 6]"
1056,48611,[0]
1057,30678,"[6, 14, 2, 0, 15]"
1058,24878,[4]
1059,94747,"[12, 18, 0, 2, 17]"
1060,70189,[9]
1061,70976,"[16, 8]"
1062,83658,"[0, 9, 5, 6, 8]"
1063,11375,"[16, 12]"
1064,47341,"[4, 11, 5]"
1065,44798,"[3, 12, 4, 11]"
1066,41205,"[2, 10, 5]"
1067,98902,"[12, 14, 6]"
1068,36601,[10]
1069,51019,"[8, 6, 7, 17, 10]"
1070,84979,[6]
1071,33552,"[2, 8, 7, 6, 16]"
1072,57276,"[0, 18, 9, 1, 15]"
1073,92084,[16]
1074,17774,"[4, 1, 11, 7]"
1075,83897,[4]
1076,79965,[7]
1077,28291,"[2, 13, 18]"
1078,60979,"[8, 19, 15, 3]"
1079,12094,"[18, 10]"
1080,58179,"[9, 5, 16]"
1081,98632,"[13, 17]"
1082,34605,"[12, 8, 14, 19, 2]"
1083,43071,"[17, 14, 7, 0, 12]"
1084,34313,"[18, 2, 4, 12]"
1085,24621,"[1, 6, 7]"
1086,91956,"[9, 18, 17, 19, 3]"
1087,71336,[11]
1088,64865,"[7, 4]"
1089,44005,"[5, 0, 1, 15, 18]"
1090,20604,"[8, 11, 5, 18]"
1091,96831,"[11, 3, 15, 5]"
1092,37122,"[3, 9]"
1093,87935,[2]
1094,42011,[6]
1095,63630,"[19, 6, 4]"
1096,47931,"[1, 3, 16, 12, 7]"
1097,90389,"[7, 16, 4]"
1098,73570,"[8, 16]"
1099,63090,"[15, 4]"
1100,25972,"[9, 14]"
1101,39859,[5]
1102,69982,"[15, 18, 6]"
1103,76587,"[15, 13, 14, 0]"
1104,13744,"[2, 17, 6, 11]"
1105,37133,"[18, 4, 14, 9, 3]"
1106,91707,"[3, 5, 11, 9, 18]"
1107,10876,"[8, 9, 3, 10]"
1108,60718,"[16, 6, 14, 4]"
1109,93300,"[2, 11]"
1110,61143,"[14, 2, 17]"
1111,90314,"[0, 13, 15]"
1112,61934,"[10, 9, 16]"
1113,48027,"[7, 14, 17, 0]"
1114,70547,"[6, 2, 4]"
1115,69768,"[9, 14]"
1116,36541,"[6, 16, 7]"
1117,23598,[4]
1118,37435,"[12, 6, 7, 13]"
1119,37412,"[7, 12, 17]"
1120,43080,"[18, 13, 0, 12, 4]"
1121,46572,"[8, 18, 14, 3]"
1122,53822,"[2, 9, 17, 16, 5]"
1123,83057,"[18, 12, 8, 2]"
1124,89614,"[5, 10]"
1125,40001,"[10, 9, 4, 11, 7]"
1126,87672,"[10, 5, 9, 1, 17]"
1127,55067,"[10, 11, 7]"
1128,60655,"[0, 10]"
1129,53894,"[10, 8, 18, 17, 11]"
1130,23767,"[15, 1, 10]"
1131,82736,"[5, 15, 13, 1]"
1132,14282,"[12, 3, 5]"
1133,84725,[1]
1134,23511,"[12, 3, 19, 0]"
1135,96149,"[6, 12, 9, 2]"
1136,60421,"[5, 2]"
1137,11495,"[13, 19, 4]"
1138,76795,"[16, 18]"
1139,93184,"[3, 15, 17, 13, 2]"
1140,40601,"[14, 4, 1, 3, 17]"
1141,16705,"[9, 13, 17, 10]"
1142,14907,"[1, 18, 5, 11, 15]"
1143,22823,"[1, 6, 8, 12]"
1144,84783,"[0, 8, 12, 13, 10]"
1145,52554,[16]
1146,15189,"[5, 6, 15, 12, 4]"
1147,40818,"[8, 12, 4, 3, 5]"
1148,91682,"[0, 1]"
1149,23371,"[10, 14, 3]"
1150,44322,[12]
1151,97697,"[15, 19]"
1152,84709,"[3, 6, 9]"
1153,61195,"[9, 11, 3, 17]"
1154,80997,"[13, 19, 14, 9]"
1155,89766,"[16, 11, 3]"
1156,46244,"[6, 1, 14]"
1157,39457,[3]
1158,57228,"[13, 10, 16, 6, 17]"
1159,84999,"[1, 12, 4, 7, 13]"
1160,91685,[10]
1161,82850,"[14, 0, 9]"
1162,15722,[17]
1163,95673,"[11, 17]"
1164,92602,"[18, 4]"
1165,14511,"[4, 6, 10, 5]"
1166,46650,"[18, 8, 19, 7]"
1167,82698,"[2, 1, 9, 17]"
1168,89264,"[4, 9, 12, 17, 5]"
1169,78426,"[4, 7]"
1170,27048,"[6, 10]"
1171,18697,"[18, 11, 9, 10]"
1172,25523,"[17, 3, 0, 1, 7]"
1173,74339,"[14, 12, 11, 4]"
1174,82010,"[3, 13, 8]"
1175,30338,"[13, 9, 2, 19]"
1176,16321,"[10, 1, 8]"
1177,97320,[1]
1178,53527,"[13, 5]"
1179,80080,"[10, 4, 14]"
1180,49808,"[0, 17]"
1181,45700,[14]
1182,51938,"[5, 1, 0, 19, 6]"
1183,49227,"[13, 11, 18, 4, 3]"
1184,79982,"[6, 1, 13, 9]"
1185,70925,"[10, 15, 7, 19]"
1186,57782,"[4, 6, 17, 19, 5]"
1187,72454,"[17, 6, 11, 13, 19]"
1188,93723,"[3, 5, 8]"
1189,44727,"[8, 6, 0, 15, 12]"
1190,89151,"[15, 13, 0]"
1191,65779,[15]
1192,15325,"[18, 12]"
1193,87390,"[1, 8, 13, 17]"
1194,41010,"[11, 7, 13, 5]"
1195,65734,"[10, 9]"
1196,73761,[7]
1197,29276,"[14, 6, 15]"
1198,13635,"[1, 8, 12, 5]"
1199,12664,"[15, 2, 6]"
1200,15043,"[8, 5, 16]"
1201,78372,"[14, 3, 8, 17]"
1202,13422,"[8, 14, 17]"
1203,43935,"[7, 1]"
1204,74016,[12]
1205,24417,"[16, 19, 1]"
1206,62408,"[15, 10, 11]"
1207,51765,[4]
1208,34311,"[2, 17, 12, 8, 3]"
1209,56449,"[5, 18, 7, 1, 13]"
1210,14872,"[5, 16]"
1211,36048,"[15, 17]"
1212,85855,"[10, 2, 18, 8]"
1213,97636,[3]
1214,90134,"[7, 3, 4, 13, 8]"
1215,59075,[1]
1216,80348,[11]
1217,31554,[6]
1218,42916,"[17, 1, 19, 8, 15]"
1219,76537,[3]
1220,96021,[14]
1221,85460,[4]
1222,23065,"[9, 12, 13]"
1223,60053,"[17, 13, 11, 9]"
1224,14453,"[3, 18, 6, 16]"
1225,28495,[9]
1226,51100,"[10, 12, 9, 2, 19]"
1227,97824,"[12, 14, 6, 13]"
1228,63524,"[3, 15, 16, 11, 2]"
1229,35792,"[11, 2]"
1230,17229,"[9, 4, 5, 1, 19]"
1231,60342,"[6, 3, 16]"
1232,49382,"[18, 16, 9, 3, 8]"
1233,15526,[17]
1234,31825,"[1, 14, 10, 16, 8]"
1235,62635,"[2, 3, 11, 6]"
1236,52935,"[3, 2, 16, 1, 0]"
1237,61558,[5]
1238,76072,"[5, 11, 8, 7]"
1239,14783,[10]
1240,46827,[12]
1241,40347,"[5, 6]"
1242,62081,"[9, 12, 8]"
1243,29077,"[4, 19, 2]"
1244,95959,"[13, 6, 5]"
1245,60098,"[18, 11]"
1246,21701,"[9, 14, 13, 10, 4]"
1247,15806,"[5, 0, 12, 3, 15]"
1248,50666,"[12, 2, 5, 4]"
1249,18921,"[9, 2, 15, 4, 11]"
1250,36790,"[12, 13, 6, 14, 18]"
1251,78054,"[5, 14, 12, 18, 11]"
1252,10572,"[3, 19, 10]"
1253,92055,"[17, 16, 12]"
1254,20496,"[16, 12, 19, 17]"
1255,74131,"[19, 6, 2, 17]"
1256,48242,"[9, 3]"
1257,87341,"[8, 3, 11, 16, 1]"
1258,71836,"[19, 3, 10]"
1259,58060,"[8, 10, 16]"
1260,37598,"[3, 7]"
1261,94653,"[14, 4]"
1262,57332,[17]
1263,86931,"[10, 3, 8, 15, 14]"
1264,95963,"[18, 1, 19, 14]"
1265,86598,"[10, 1, 19, 6, 8]"
1266,46416,"[1, 10, 17, 15]"
1267,66990,[4]
1268,14294,"[5, 18, 14, 12]"
1269,16115,"[13, 9, 7, 17, 15]"
1270,25342,"[18, 9, 1, 19]"
1271,72146,"[10, 8, 1, 12, 0]"
1272,67372,"[9, 6]"
1273,93974,[16]
1274,68859,"[9, 8, 1]"
1275,18089,"[19, 13, 17]"
1276,44620,"[5, 4, 12, 15]"
1277,82830,"[18, 6]"
1278,51732,[15]
1279,90341,"[6, 4, 0]"
1280,49179,[9]
1281,18829,"[8, 9]"
1282,76655,"[6, 10, 18, 17]"
1283,58740,"[2, 18, 11, 7]"
1284,16453,"[14, 17, 11, 13, 5]"
1285,84118,[8]
1286,51335,[19]
1287,14343,"[19, 1, 12]"
1288,24687,[0]
1289,23976,"[9, 11, 4, 18]"
1290,87462,"[9, 18, 7]"
1291,57423,"[11, 13, 9, 0]"
1292,18213,"[4, 8]"
1293,46675,"[19, 13]"
1294,36800,"[14, 12, 15, 1, 10]"
1295,31202,"[7, 8]"
1296,82517,"[18, 1, 5, 17, 0]"
1297,59666,"[14, 12, 7, 3]"
1298,87658,"[6, 14]"
1299,68018,"[7, 16, 17]"
1300,89667,"[4, 18, 1]"
1301,65576,"[4, 0]"
1302,41328,"[1, 2, 6, 14, 11]"
1303,59175,"[17, 4]"
1304,97743,"[12, 17, 0, 14, 1]"
1305,59371,"[10, 15, 0, 4]"
1306,54176,"[17, 5, 11, 8]"
1307,89309,"[1, 3, 18]"
1308,70506,"[4, 15, 14, 10]"
1309,52238,"[3, 2]"
1310,98816,"[11, 8, 2, 15]"
1311,63638,[12]
1312,28989,[6]
1313,26028,"[2, 14, 16]"
1314,22298,"[14, 10, 16, 3, 15]"
1315,93719,"[4, 6, 0, 9]"
1316,18596,"[6, 5, 15]"
1317,94893,"[3, 13, 2, 7]"
1318,48931,"[2, 19, 13]"
1319,54440,[6]
1320,97373,"[10, 13, 12]"
1321,96511,"[7, 10, 3, 5, 11]"
1322,97912,"[10, 11, 1, 3, 19]"
1323,20793,"[2, 18, 5]"
1324,42439,[0]
1325,23041,"[2, 6]"
1326,85367,"[13, 0, 19, 9]"
1327,79637,"[19, 9]"
1328,88002,[16]
1329,69326,"[11, 13, 1, 16]"
1330,15939,[0]
1331,45128,"[17, 3]"
1332,95570,"[14, 16]"
1333,68658,"[1, 2, 10, 13, 6]"
1334,65632,[12]
1335,16119,"[10, 12, 4, 1]"
1336,60103,"[5, 11, 8, 9]"
1337,13025,"[11, 9, 6, 18]"
1338,35466,"[15, 6]"
1339,80397,"[2, 0]"
1340,91567,"[15, 13, 7, 2]"
1341,18233,"[15, 12, 0, 19]"
1342,98614,[4]
1343,23688,"[1, 3]"
1344,62313,"[11, 15, 7, 18]"
1345,98025,"[5, 9]"
1346,58097,"[2, 16, 10, 14]"
1347,59179,"[19, 11, 2, 7]"
1348,42551,"[2, 16, 14, 17, 15]"
1349,37137,"[13, 4, 3]"
1350,21221,[13]
1351,66954,[17]
1352,41509,[18]
1353,73686,[5]
1354,45085,"[12, 4]"
1355,28398,[8]
1356,52422,"[9, 4, 6, 18, 15]"
1357,55887,"[17, 15, 5, 9]"
1358,33261,"[5, 12, 17, 4]"
1359,95501,"[17, 12]"
1360,74408,[8]
1361,74804,"[7, 14, 13]"
1362,18828,"[12, 13, 11]"
1363,47129,"[10, 8, 1, 4, 5]"
1364,95846,"[3, 10]"
1365,98968,"[17, 12]"
1366,81617,"[15, 4, 19]"
1367,56443,"[8, 10, 17, 0, 1]"
1368,90306,"[14, 6, 13, 5]"
1369,49999,[10]
1370,38502,"[1, 13, 16, 9, 15]"
1371,17038,[16]
1372,69182,"[9, 11, 8, 6, 12]"
1373,88354,"[17, 16, 15, 18, 1]"
1374,90408,"[14, 1, 0]"
1375,36360,[9]
1376,45488,"[2, 19, 11, 4]"
1377,52722,"[10, 16]"
1378,35380,"[19, 0, 10, 17, 12]"
1379,37341,"[8, 11]"
1380,49508,"[16, 9, 14, 7]"
1381,38631,"[5, 2, 13]"
1382,48042,"[12, 4]"
1383,39166,"[13, 2]"
1384,92124,"[8, 7, 5, 9]"
1385,25501,"[12, 6, 11]"
1386,86851,[19]
1387,79977,"[10, 7, 0, 19]"
1388,19974,"[8, 4]"
1389,94630,"[8, 7, 2]"
1390,56652,"[11, 10]"
1391,75946,"[4, 18, 11, 13, 6]"
1392,81177,"[9, 8, 7, 4]"
1393,87222,"[6, 12, 13]"
1394,54170,"[12, 13, 11, 4]"
1395,74661,"[10, 13]"
1396,86934,"[1, 0, 19]"
1397,57739,"[12, 5, 11]"
1398,54635,"[3, 0]"
1399,45893,"[18, 4, 12, 8]"
1400,74724,"[19, 15]"
1401,30980,"[12, 4]"
1402,99930,"[16, 2, 9]"
1403,77768,"[0, 12, 19]"
1404,55834,"[11, 5, 13]"
1405,73638,"[13, 7]"
1406,71300,"[11, 7, 10, 6, 14]"
1407,72817,"[15, 11, 17]"
1408,49189,"[19, 7, 1, 13]"
1409,86791,"[10, 1, 9, 18]"
1410,33877,"[9, 2, 18, 12]"
1411,59668,"[15, 10]"
1412,11778,"[18, 11, 6, 8, 2]"
1413,68503,"[4, 14, 15]"
1414,85404,[16]
1415,34973,"[4, 19, 1, 3]"
1416,35160,"[10, 16]"
1417,23686,"[10, 3]"
1418,24693,"[6, 2, 0, 12]"
1419,12815,[0]
1420,65169,[6]
1421,98549,"[11, 18, 16, 1, 10]"
1422,36101,"[10, 17, 19]"
1423,91100,"[7, 17, 13, 16, 9]"
1424,43348,"[12, 9, 5]"
1425,50525,"[1, 11, 14]"
1426,90187,"[13, 11, 12]"
1427,27138,"[14, 15]"
1428,41272,[16]
1429,61606,"[1, 4, 7]"
1430,33869,[14]
1431,66148,[14]
1432,20038,"[9, 4, 13, 18]"
1433,59626,"[19, 10, 5, 0, 9]"
1434,45966,"[2, 6]"
1435,53428,"[17, 0, 3, 14]"
1436,87687,"[18, 14]"
1437,76021,"[10, 16, 13, 14, 11]"
1438,51453,"[13, 19, 3, 12]"
1439,58073,[19]
1440,34746,"[4, 1, 16, 10, 18]"
1441,16457,[12]
1442,80153,"[12, 2, 16, 11, 6]"
1443,34486,"[7, 10, 18, 14]"
1444,87062,[10]
1445,26296,"[6, 15]"
1446,19539,"[2, 15]"
1447,49801,[13]
1448,99880,"[16, 10, 14]"
1449,43131,"[8, 10, 9]"
1450,81318,"[2, 3, 15, 5, 12]"
1451,27654,"[10, 2, 8]"
1452,42559,"[13, 17]"
1453,75142,"[0, 17, 6, 7]"
1454,65611,"[10, 19]"
1455,84848,[5]
1456,61146,"[4, 0, 16, 3]"
1457,36021,[3]
1458,75494,[14]
1459,15507,"[17, 19, 10, 16, 12]"
1460,13733,"[1, 19, 2, 10]"
1461,19587,[14]
1462,85131,"[9, 6]"
1463,72316,[9]
1464,87317,"[10, 15]"
1465,90344,"[14, 2, 12, 10, 18]"
1466,87847,[19]
1467,29576,[6]
1468,19692,"[9, 18, 4, 0]"
1469,87078,"[13, 6, 17]"
1470,53732,"[19, 14, 16, 2]"
1471,62973,"[3, 6, 8, 9, 10]"
1472,41276,"[15, 11, 0, 8]"
1473,32369,"[4, 18, 3, 19]"
1474,13827,"[18, 7, 15]"
1475,37991,"[1, 7, 10, 2, 13]"
1476,62685,"[13, 3]"
1477,90260,"[17, 13, 5]"
1478,88016,[10]
1479,90358,"[5, 2, 19]"
1480,75768,"[16, 6]"
1481,44578,"[1, 6, 10]"
1482,84097,"[3, 16, 10, 4, 7]"
1483,53556,"[0, 12]"
1484,73597,"[7, 13, 4, 19]"
1485,95121,"[6, 19, 14]"
1486,98967,"[9, 2]"
1487,95290,"[0, 7, 5]"
1488,37578,"[6, 4]"
1489,38432,"[12, 9, 10, 8, 17]"
1490,23807,"[2, 17, 6]"
1491,82608,"[2, 9, 11]"
1492,75857,"[10, 17, 13, 5]"
1493,71187,"[12, 10, 0]"
1494,72010,[1]
1495,97106,"[13, 11, 17, 19, 14]"
1496,84271,"[19, 13, 2, 8, 17]"
1497,39716,"[6, 12]"
1498,64560,"[6, 13, 9, 10, 5]"
1499,69894,"[6, 8, 14, 13, 19]"
1500,14982,"[6, 5]"
1501,24894,[19]
1502,48980,"[15, 18, 12, 13, 3]"
1503,41172,"[7, 2, 6]"
1504,73839,"[14, 8, 10]"
1505,75968,"[12, 2, 14, 16]"
1506,80533,"[9, 3, 11, 17, 10]"
1507,40311,"[19, 8, 12, 0]"
1508,17169,"[10, 8]"
1509,45308,"[13, 5, 16]"
1510,27361,"[11, 18, 8, 7, 16]"
1511,26713,[16]
1512,31037,[11]
1513,88086,"[14, 15, 19]"
1514,98951,"[10, 19]"
1515,38918,"[7, 3, 9]"
1516,72524,"[17, 2]"
1517,54982,[14]
1518,31410,"[0, 14]"
1519,46324,[18]
1520,70602,"[16, 2, 9]"
1521,68841,[7]
1522,43492,"[14, 11]"
1523,64071,"[10, 7, 13]"
1524,43032,"[8, 2, 5]"
1525,45751,[9]
1526,61332,"[14, 16, 0, 18, 11]"
1527,36948,"[11, 19, 6, 10, 15]"
1528,68119,"[13, 8, 4, 2, 1]"
1529,80110,"[11, 4]"
1530,47023,[17]
1531,27897,[3]
1532,95599,[14]
1533,85050,"[14, 16, 0]"
1534,74584,"[11, 17]"
1535,46242,[15]
1536,31216,[10]
1537,39060,"[10, 17, 3, 0]"
1538,77435,"[2, 6]"
1539,58879,"[17, 13]"
1540,36639,"[2, 8, 10]"
1541,39764,"[2, 14, 11]"
1542,91410,"[17, 1, 15, 11, 4]"
1543,29733,"[8, 5, 14]"
1544,17701,[5]
1545,26971,"[10, 13, 3, 16]"
1546,54632,"[3, 19]"
1547,53150,"[10, 11, 1]"
1548,93295,"[11, 12, 16]"
1549,91003,"[12, 13, 2]"
1550,22342,[16]
1551,84100,[12]
1552,13204,[0]
1553,65845,"[17, 19, 1, 2]"
1554,72550,[12]
1555,53277,"[17, 12, 8, 0]"
1556,17361,[5]
1557,84678,"[2, 19]"
1558,49611,"[3, 2]"
1559,95849,"[18, 4]"
1560,37131,[1]
1561,59413,"[13, 9, 0, 10]"
1562,59222,"[13, 18, 4]"
1563,93374,"[6, 7]"
1564,92463,[8]
1565,28991,"[7, 17, 9, 3]"
1566,40307,"[14, 13, 6, 5]"
1567,16065,"[17, 1, 0]"
1568,80677,"[8, 2, 0, 5, 11]"
1569,60847,[13]
1570,69950,[9]
1571,82948,"[18, 1, 0, 8, 5]"
1572,12744,"[14, 0]"
1573,38733,[7]
1574,91239,"[18, 6]"
1575,32951,"[11, 14, 19]"
1576,41638,"[8, 14, 15, 7, 18]"
1577,25098,"[13, 19, 15]"
1578,30168,"[2, 0, 15]"
1579,63521,"[6, 16, 10, 9]"
1580,94397,"[0, 3, 14]"
1581,16825,"[4, 11, 6, 19]"
1582,32250,[18]
1583,32488,"[3, 7, 8, 0]"
1584,95243,[1]
1585,30844,"[19, 2, 12]"
1586,69477,"[8, 14, 19, 12]"
1587,22295,"[8, 18, 0, 15, 2]"
1588,84804,"[15, 11, 10]"
1589,26832,"[10, 6, 7, 0, 16]"
1590,61438,"[17, 15, 16]"
1591,49265,[0]
1592,50255,"[18, 10, 9]"
1593,26027,"[14, 5, 3, 11, 15]"
1594,92315,"[1, 0, 5, 9, 12]"
1595,48705,"[8, 7]"
1596,72683,[15]
1597,38308,[2]
1598,38489,"[11, 2, 9, 16, 18]"
1599,80887,"[13, 12, 8, 1, 14]"
1600,21461,"[16, 18]"
1601,16594,"[11, 14]"
1602,24409,"[11, 13, 6]"
1603,59426,[9]
1604,34989,[7]
1605,85062,"[12, 3, 16]"
1606,88035,"[1, 2, 16, 15, 14]"
1607,61556,"[10, 0, 13, 14]"
1608,82190,[17]
1609,88920,"[10, 16, 0, 6, 9]"
1610,43807,[16]
1611,45358,"[13, 5, 14]"
1612,68215,"[15, 7, 8]"
1613,23877,"[2, 0, 13]"
1614,57699,"[14, 19, 4, 5, 12]"
1615,12596,"[13, 10]"
1616,36332,[1]
1617,15999,"[12, 6]"
1618,45810,"[5, 9]"
1619,60182,"[1, 8]"
1620,19020,"[12, 7, 8]"
1621,89651,[10]
1622,36570,[2]
1623,60297,"[10, 17, 8, 14]"
1624,84744,"[15, 0]"
1625,24449,"[13, 19, 11, 18]"
1626,96187,"[11, 15, 19, 14]"
1627,20582,"[18, 10, 11, 14, 2]"
1628,90903,"[16, 18, 7, 9]"
1629,36613,[13]
1630,50304,[1]
1631,60097,"[15, 6, 7, 19, 9]"
1632,37555,"[16, 15, 5]"
1633,17686,"[18, 12, 5]"
1634,24455,"[3, 9, 8]"
1635,54586,"[14, 4, 19, 8]"
1636,58425,[2]
1637,43367,"[4, 13, 1, 3, 0]"
1638,93508,"[5, 7, 0]"
1639,86646,"[3, 1, 14, 8]"
1640,40130,"[14, 9]"
1641,47308,"[13, 6, 19, 17, 15]"
1642,41325,"[2, 12, 14, 9, 10]"
1643,69149,"[16, 8]"
1644,38358,"[7, 19, 6, 9, 11]"
1645,44425,[19]
1646,57634,[18]
1647,26507,"[17, 0, 8, 4]"
1648,87588,"[8, 16, 15, 18]"
1649,71995,"[10, 13]"
1650,59007,[10]
1651,32907,"[18, 8]"
1652,60673,"[16, 10]"
1653,97919,"[8, 5, 7, 12]"
1654,31661,"[8, 19, 6, 4, 14]"
1655,44840,"[1, 2, 18]"
1656,68234,"[5, 11, 9]"
1657,50773,"[9, 11, 1, 0, 5]"
1658,85872,"[13, 8, 10, 4]"
1659,68131,"[12, 17, 6]"
1660,20787,"[18, 15, 17, 5, 19]"
1661,39518,[15]
1662,68508,"[11, 17, 14, 2]"
1663,64281,"[17, 6]"
1664,51068,"[13, 19, 9, 4, 2]"
1665,19953,"[4, 6]"
1666,18954,"[2, 11]"
1667,80941,"[11, 0, 4, 1]"
1668,96105,[2]
1669,31846,"[1, 6, 11, 15, 16]"
1670,61386,"[17, 19, 11, 16]"
1671,69717,"[13, 12, 7, 2, 1]"
1672,25016,[11]
1673,32811,"[16, 0, 11, 14]"
1674,83003,[14]
1675,84654,[13]
1676,60060,"[1, 11, 13, 10]"
1677,39543,[14]
1678,12364,[2]
1679,49125,"[10, 11, 18, 17, 3]"
1680,50395,"[4, 17]"
1681,66162,"[10, 18, 11, 6]"
1682,64878,"[8, 13]"
1683,50843,"[17, 9, 3, 8]"
1684,97416,"[12, 0]"
1685,83852,"[3, 15, 18, 7]"
1686,46888,"[18, 16, 5, 14, 6]"
1687,10561,"[12, 1, 19, 18, 10]"
1688,51676,"[10, 13, 16, 11, 8]"
1689,66026,[19]
1690,40371,"[17, 0, 1, 9, 13]"
1691,10150,"[9, 11, 7, 19]"
1692,16508,"[9, 1]"
1693,76117,"[4, 19, 15]"
1694,30950,"[6, 18, 9, 7, 14]"
1695,86235,"[13, 9, 12, 2, 5]"
1696,17033,"[0, 6, 17, 2]"
1697,29667,[10]
1698,76563,"[18, 12, 6]"
1699,51434,[7]
1700,57270,"[1, 15]"
1701,37091,"[6, 10]"
1702,75622,"[13, 6]"
1703,11346,[0]
1704,54143,"[18, 12, 1, 9]"
1705,47042,"[18, 14, 2, 8]"
1706,34166,"[12, 6, 5]"
1707,22417,[10]
1708,43571,"[0, 3, 8]"
1709,12476,"[10, 8, 15, 3]"
1710,65695,"[4, 9, 1, 13]"
1711,89790,"[1, 5]"
1712,84251,"[19, 1, 4]"
1713,76680,"[19, 2, 7, 4]"
1714,89076,[1]
1715,50053,"[11, 12, 9]"
1716,62803,"[0, 7, 18]"
1717,69447,"[0, 6, 13]"
1718,60598,"[7, 5, 10, 15]"
1719,42417,"[19, 3, 4]"
1720,21692,[19]
1721,60904,"[19, 2, 16, 14, 5]"
1722,36091,"[7, 13, 9]"
1723,90470,"[0, 9, 15]"
1724,46163,"[19, 10]"
1725,59053,"[7, 1]"
1726,36086,"[15, 3]"
1727,63072,"[13, 2]"
1728,32096,"[16, 3, 6, 2, 11]"
1729,48047,"[11, 4]"
1730,94703,"[11, 13, 10]"
1731,58429,"[11, 3, 19, 6]"
1732,79332,"[11, 16, 9]"
1733,98439,"[14, 0, 4, 9]"
1734,12718,"[15, 17]"
1735,98684,"[1, 13, 9, 14, 7]"
1736,62855,"[6, 7]"
1737,73392,"[9, 12, 15]"
1738,90691,"[18, 13, 8, 4, 17]"
1739,20972,"[4, 1]"
1740,10122,"[18, 10, 11]"
1741,25124,[2]
1742,82761,[9]
1743,61311,"[14, 1, 13]"
1744,67459,"[10, 18, 6, 4, 12]"
1745,50483,"[4, 12, 19, 0, 11]"
1746,88393,"[2, 13, 6]"
1747,18123,"[5, 12]"
1748,19453,"[18, 19, 15, 17]"
1749,17237,"[11, 16, 0, 10]"
1750,94551,"[8, 1, 17]"
1751,12571,"[4, 14, 3, 6, 11]"
1752,62858,"[2, 16, 7]"
1753,55994,[19]
1754,34310,"[13, 14, 12]"
1755,67477,"[0, 15, 13, 7]"
1756,26217,"[6, 19, 0, 12, 1]"
1757,68888,"[12, 1, 10]"
1758,28860,"[2, 12]"
1759,15691,"[10, 4, 15]"
1760,14842,"[17, 12, 16, 5, 8]"
1761,86149,[13]
1762,45441,"[0, 13, 4]"
1763,56166,"[7, 18]"
1764,96779,[0]
1765,16198,"[9, 8, 6]"
1766,30498,"[11, 8, 14, 9, 1]"
1767,60227,"[8, 9, 11, 19, 3]"
1768,13205,[1]
1769,32713,"[10, 17, 14, 7]"
1770,90350,"[10, 15, 5, 3]"
1771,24303,[10]
1772,52864,"[8, 19, 12, 5]"
1773,76466,[2]
1774,31781,"[1, 18]"
1775,91564,"[19, 2, 3, 1, 9]"
1776,55167,"[8, 0, 4, 1]"
1777,97045,[19]
1778,94827,"[19, 17]"
1779,70215,[16]
1780,20915,"[6, 5]"
1781,45189,"[3, 13, 8, 5]"
1782,76548,"[10, 7, 16, 3]"
1783,88351,"[0, 10]"
1784,44666,"[18, 11, 4, 3, 0]"
1785,80650,"[14, 19, 9, 3, 18]"
1786,76532,"[3, 9, 7, 6]"
1787,97931,[16]
1788,60555,"[0, 13, 11, 5]"
1789,22163,"[3, 2]"
1790,66267,"[1, 8, 2, 7, 19]"
1791,35318,"[15, 17, 1, 9]"
1792,20262,"[9, 4, 15]"
1793,98467,"[15, 2, 11, 10]"
1794,75583,"[16, 3, 6]"
1795,20349,"[15, 2, 5]"
1796,72856,"[3, 14, 9]"
1797,10184,"[16, 12]"
1798,12342,[9]
1799,55272,[13]
1800,88061,"[12, 8, 0, 2]"
1801,76598,"[9, 8, 12, 17]"
1802,75387,"[16, 9]"
1803,43398,"[14, 11, 17]"
1804,95103,"[1, 2, 7, 6, 19]"
1805,19346,"[15, 3, 7, 14, 0]"
1806,73304,"[10, 13, 16, 17]"
1807,93444,"[1, 11, 18]"
1808,96670,[5]
1809,55140,"[5, 14, 10, 7, 11]"
1810,29653,"[6, 12, 2]"
1811,56013,[14]
1812,86619,"[8, 2, 12]"
1813,47085,[9]
1814,83935,"[15, 14, 5]"
1815,51204,"[3, 17, 5, 1, 8]"
1816,32060,"[17, 4]"
1817,78415,[1]
1818,72028,"[3, 15, 17]"
1819,99687,"[1, 8]"
1820,59658,"[10, 16, 18, 9, 1]"
1821,62856,"[5, 9]"
1822,30942,[6]
1823,86381,"[3, 5]"
1824,23091,"[7, 14, 3, 11]"
1825,80514,"[16, 7, 17]"
1826,78276,"[14, 11, 19, 10]"
1827,59173,"[9, 17, 19, 14]"
1828,96296,"[17, 5, 19, 15]"
1829,26497,"[11, 12, 3]"
1830,38084,"[7, 0, 15, 3]"
1831,92661,"[10, 6, 7, 13]"
1832,33901,"[2, 3]"
1833,63497,"[8, 6, 13]"
1834,15863,[13]
1835,12790,"[13, 10]"
1836,42910,"[8, 1]"
1837,85987,"[19, 9]"
1838,65458,"[19, 16, 9, 5, 1]"
1839,21488,"[8, 16, 14, 5, 6]"
1840,94069,"[16, 2, 5]"
1841,32922,[16]
1842,21569,"[8, 1, 14, 17]"
1843,50403,"[3, 2, 17]"
1844,97830,"[2, 18, 9, 12]"
1845,50103,[17]
1846,65042,[12]
1847,32238,"[9, 18, 10]"
1848,91107,"[17, 6, 5]"
1849,53716,"[17, 2, 10, 19, 0]"
1850,63413,[17]
1851,95423,"[7, 4, 11, 16, 8]"
1852,78392,"[2, 7, 5]"
1853,96548,[13]
1854,18083,[9]
1855,55965,"[6, 16, 18, 12]"
1856,46732,"[15, 16, 5]"
1857,82203,"[10, 19, 13]"
1858,45200,"[12, 5, 2, 16]"
1859,86111,"[10, 16, 12, 14, 19]"
1860,81520,"[2, 0, 13, 4, 8]"
1861,70663,"[7, 2]"
1862,24901,"[6, 15]"
1863,79160,"[12, 18, 16, 6, 15]"
1864,80015,"[2, 7, 14, 18]"
1865,55240,"[10, 14]"
1866,56407,"[17, 14, 16]"
1867,69932,"[12, 3]"
1868,95543,"[11, 5, 13, 0]"
1869,57621,"[2, 5, 18, 7, 16]"
1870,70006,"[6, 9, 7, 3]"
1871,10927,"[10, 7]"
1872,25138,[16]
1873,50360,"[4, 6, 13]"
1874,90603,"[15, 2]"
1875,85873,"[17, 9, 4, 8]"
1876,96570,"[1, 10]"
1877,59263,"[8, 6, 5]"
1878,59496,"[10, 0, 6]"
1879,37329,"[17, 16]"
1880,76552,"[5, 3, 18, 7, 12]"
1881,74361,"[8, 15, 12]"
1882,27513,"[15, 5, 9, 2]"
1883,51553,"[5, 1, 11, 12, 16]"
1884,15493,"[11, 18, 5, 4, 13]"
1885,15281,[6]
1886,61152,[14]
1887,71492,"[4, 6, 15, 2]"
1888,48482,"[10, 5]"
1889,87583,"[1, 17, 16]"
1890,55883,"[2, 14]"
1891,70405,"[1, 2]"
1892,50259,[13]
1893,31550,"[16, 15, 1]"
1894,85846,"[4, 11, 18, 6, 19]"
1895,98616,"[3, 2, 12, 6]"
1896,11217,"[7, 11]"
1897,53096,"[1, 18, 14]"
1898,60123,"[12, 2]"
1899,42225,[0]
1900,55372,"[19, 11, 17]"
1901,95920,"[15, 8, 3, 4, 18]"
1902,67285,"[18, 4]"
1903,10300,"[3, 8, 0]"
1904,15326,"[6, 2, 10]"
1905,91224,[16]
1906,21286,"[1, 9]"
1907,61834,"[19, 18, 2]"
1908,23194,"[0, 17]"
1909,33514,"[11, 17, 16]"
1910,73680,"[6, 13, 14, 16, 18]"
1911,76721,"[5, 18, 9, 7, 8]"
1912,60048,"[19, 18, 10, 11, 0]"
1913,95426,"[17, 8]"
1914,48590,"[14, 6, 17, 11]"
1915,22953,"[4, 19, 6, 5, 2]"
1916,14555,"[9, 15, 8]"
1917,85030,"[6, 10]"
1918,98540,"[15, 17, 19, 13]"
1919,75517,"[1, 18, 0, 6, 4]"
1920,75221,"[2, 3, 7]"
1921,27295,"[10, 18, 6, 17]"
1922,27896,[7]
1923,63369,"[16, 8, 6]"
1924,70960,[7]
1925,11698,"[1, 15, 14, 2]"
1926,42285,"[13, 3, 7]"
1927,98389,"[12, 10, 16]"
1928,10606,"[12, 15]"
1929,12064,[0]
1930,16843,[19]
1931,29253,"[1, 6, 2, 16, 17]"
1932,37348,[17]
1933,36104,[15]
1934,96600,"[10, 7, 2, 0, 18]"
1935,70542,"[11, 0, 9, 3, 17]"
1936,67585,"[13, 5, 10, 17, 7]"
1937,19723,"[9, 19, 14]"
1938,60650,[4]
1939,60449,[1]
1940,82329,"[7, 6, 11, 17, 12]"
1941,25779,[1]
1942,55861,"[5, 13, 19]"
1943,61135,"[13, 8, 14, 0]"
1944,72477,"[0, 16, 3, 5, 17]"
1945,40116,"[19, 18, 17]"
1946,43236,[11]
1947,26605,"[7, 8, 5, 4, 6]"
1948,83700,"[14, 4, 16, 8, 13]"
1949,17171,"[6, 10]"
1950,90906,"[16, 7, 10, 2]"
1951,20116,"[5, 16, 15]"
1952,96440,"[7, 13]"
1953,93311,"[12, 18, 13, 14]"
1954,84882,"[0, 10, 6, 9]"
1955,43432,"[1, 6, 17, 16, 4]"
1956,37055,"[17, 12, 10, 6]"
1957,76567,"[11, 14, 2, 19]"
1958,57191,"[4, 18, 13]"
1959,38698,"[4, 11, 18, 2]"
1960,74629,"[14, 16]"
1961,13981,"[11, 12, 17, 16]"
1962,82770,"[14, 1, 11, 6, 0]"
1963,46655,"[7, 18, 16, 17]"
1964,85642,[8]
1965,57890,"[19, 15, 5]"
1966,75332,"[19, 6, 1, 18, 7]"
1967,30452,"[8, 9, 16]"
1968,42119,"[2, 11, 19, 3]"
1969,49635,"[17, 18, 5]"
1970,39656,"[7, 6]"
1971,39978,"[10, 9]"
1972,96411,"[7, 16, 5, 12]"
1973,75255,"[2, 17, 16, 12, 1]"
1974,63658,"[3, 10, 11, 9, 15]"
1975,70777,"[1, 18, 16, 5]"
1976,12833,"[12, 8, 5]"
1977,70207,"[19, 15, 7, 16]"
1978,27113,"[0, 11, 18, 9]"
1979,19628,"[14, 12, 16]"
1980,81464,"[17, 5, 9, 0]"
1981,15934,[9]
1982,36190,"[19, 14]"
1983,73564,"[7, 10, 13]"
1984,55059,"[9, 15, 3, 0]"
1985,51529,"[9, 4, 19, 0]"
1986,12067,"[2, 6, 16, 12, 8]"
1987,73992,"[19, 15]"
1988,11430,"[3, 2, 13]"
1989,32097,"[17, 11]"
1990,22539,"[13, 18, 6]"
1991,94913,"[15, 16, 19, 8, 9]"
1992,42415,"[9, 3, 2, 8, 18]"
1993,61384,"[13, 0, 4, 8]"
1994,48366,"[19, 0]"
1995,40258,"[8, 4, 15, 16]"
1996,52252,"[19, 15]"
1997,69123,[17]
1998,98713,"[18, 13]"
1999,43210,"[18, 6]"
2000,63475,"[3, 4]"
