antecedents,consequents,antecedent support,consequent support,support,confidence,lift,leverage,conviction
frozenset({'beauty & health - Value Bazaar'}),frozenset({'beauty & health - Luxury Beauty'}),0.057866666666666663,0.06186666666666667,0.012266666666666667,0.21198156682027652,3.4264261878277456,0.00868664888888889,1.190496686159844
frozenset({'beauty & health - Luxury Beauty'}),frozenset({'beauty & health - Value Bazaar'}),0.06186666666666667,0.057866666666666663,0.012266666666666667,0.19827586206896552,3.4264261878277456,0.00868664888888889,1.1751340501792116
frozenset({'beauty & health - Value Bazaar'}),frozenset({'beauty & health - Make-up'}),0.057866666666666663,0.06186666666666667,0.009866666666666666,0.1705069124423963,2.756038455426664,0.006286648888888888,1.130971851851852
frozenset({'beauty & health - Make-up'}),frozenset({'beauty & health - Value Bazaar'}),0.06186666666666667,0.057866666666666663,0.009866666666666666,0.15948275862068964,2.7560384554266646,0.006286648888888888,1.120897094017094
frozenset({'beauty & health - Value Bazaar'}),frozenset({'bags & luggage - Suitcases & Trolley Bags'}),0.057866666666666663,0.02266666666666667,0.006666666666666667,0.11520737327188942,5.082678232583357,0.0053550222222222225,1.1045902777777779
frozenset({'bags & luggage - Suitcases & Trolley Bags'}),frozenset({'beauty & health - Value Bazaar'}),0.02266666666666667,0.057866666666666663,0.006666666666666667,0.29411764705882354,5.082678232583357,0.0053550222222222225,1.334688888888889
frozenset({'beauty & health - Luxury Beauty'}),frozenset({'bags & luggage - Suitcases & Trolley Bags'}),0.06186666666666667,0.02266666666666667,0.0061333333333333335,0.09913793103448276,4.373732251521298,0.004731022222222222,1.0848867623604466
frozenset({'bags & luggage - Suitcases & Trolley Bags'}),frozenset({'beauty & health - Luxury Beauty'}),0.02266666666666667,0.06186666666666667,0.0061333333333333335,0.27058823529411763,4.3737322515212975,0.004731022222222222,1.2861505376344085
frozenset({'beauty & health - Make-up'}),frozenset({'bags & luggage - Suitcases & Trolley Bags'}),0.06186666666666667,0.02266666666666667,0.005066666666666666,0.08189655172413793,3.6130831643002024,0.003664355555555555,1.0645133020344288
frozenset({'bags & luggage - Suitcases & Trolley Bags'}),frozenset({'beauty & health - Make-up'}),0.02266666666666667,0.06186666666666667,0.005066666666666666,0.22352941176470587,3.6130831643002024,0.003664355555555555,1.2082020202020203
frozenset({'accessories - Fashion & Silver Jewellery'}),frozenset({'beauty & health - Luxury Beauty'}),0.0168,0.06186666666666667,0.006666666666666667,0.39682539682539686,6.414203612479475,0.005627306666666667,1.555326315789474
frozenset({'beauty & health - Luxury Beauty'}),frozenset({'accessories - Fashion & Silver Jewellery'}),0.06186666666666667,0.0168,0.006666666666666667,0.10775862068965518,6.414203612479476,0.005627306666666667,1.101943961352657
frozenset({'beauty & health - Value Bazaar'}),frozenset({'bags & luggage - Rucksacks'}),0.057866666666666663,0.0248,0.005866666666666667,0.10138248847926268,4.088003567712205,0.0044315733333333334,1.0852225641025641
frozenset({'bags & luggage - Rucksacks'}),frozenset({'beauty & health - Value Bazaar'}),0.0248,0.057866666666666663,0.005866666666666667,0.23655913978494625,4.088003567712205,0.0044315733333333334,1.234061971830986
frozenset({'beauty & health - Luxury Beauty'}),frozenset({'bags & luggage - Rucksacks'}),0.06186666666666667,0.0248,0.005866666666666667,0.09482758620689655,3.8236929922135707,0.004332373333333334,1.0773638095238096
frozenset({'bags & luggage - Rucksacks'}),frozenset({'beauty & health - Luxury Beauty'}),0.0248,0.06186666666666667,0.005866666666666667,0.23655913978494625,3.8236929922135707,0.004332373333333334,1.2288225352112676
frozenset({'bags & luggage - Rucksacks'}),frozenset({'beauty & health - Make-up'}),0.0248,0.06186666666666667,0.006666666666666667,0.2688172043010753,4.345105672969967,0.005132373333333334,1.283035294117647
frozenset({'beauty & health - Make-up'}),frozenset({'bags & luggage - Rucksacks'}),0.06186666666666667,0.0248,0.006666666666666667,0.10775862068965518,4.345105672969967,0.005132373333333334,1.0929777777777776
frozenset({'beauty & health - Luxury Beauty'}),frozenset({'beauty & health - Make-up'}),0.06186666666666667,0.06186666666666667,0.0144,0.23275862068965517,3.762262187871581,0.010572515555555556,1.2227355805243445
frozenset({'beauty & health - Make-up'}),frozenset({'beauty & health - Luxury Beauty'}),0.06186666666666667,0.06186666666666667,0.0144,0.23275862068965517,3.762262187871581,0.010572515555555556,1.2227355805243445
frozenset({'bags & luggage - Travel Duffles'}),frozenset({'beauty & health - Make-up'}),0.021066666666666668,0.06186666666666667,0.006666666666666667,0.31645569620253167,5.115124399825404,0.0053633422222222225,1.3724543209876545
frozenset({'beauty & health - Make-up'}),frozenset({'bags & luggage - Travel Duffles'}),0.06186666666666667,0.021066666666666668,0.006666666666666667,0.10775862068965518,5.115124399825404,0.0053633422222222225,1.097161996779388
frozenset({'bags & luggage - Travel Duffles'}),frozenset({'beauty & health - Luxury Beauty'}),0.021066666666666668,0.06186666666666667,0.005333333333333333,0.2531645569620253,4.092099519860322,0.0040300088888888886,1.2561446327683616
frozenset({'beauty & health - Luxury Beauty'}),frozenset({'bags & luggage - Travel Duffles'}),0.06186666666666667,0.021066666666666668,0.005333333333333333,0.08620689655172413,4.092099519860322,0.0040300088888888886,1.071285534591195
frozenset({'bags & luggage - Travel Duffles'}),frozenset({'beauty & health - Value Bazaar'}),0.021066666666666668,0.057866666666666663,0.006933333333333333,0.3291139240506329,5.687452604561629,0.005714275555555555,1.4043119496855345
frozenset({'beauty & health - Value Bazaar'}),frozenset({'bags & luggage - Travel Duffles'}),0.057866666666666663,0.021066666666666668,0.006933333333333333,0.11981566820276497,5.687452604561628,0.005714275555555555,1.1121912739965096
frozenset({'bags & luggage - Wallets'}),frozenset({'beauty & health - Luxury Beauty'}),0.0224,0.06186666666666667,0.006666666666666667,0.2976190476190476,4.810652709359606,0.0052808533333333334,1.335647457627119
frozenset({'beauty & health - Luxury Beauty'}),frozenset({'bags & luggage - Wallets'}),0.06186666666666667,0.0224,0.006666666666666667,0.10775862068965518,4.810652709359606,0.0052808533333333334,1.0956676328502415
frozenset({'beauty & health - Value Bazaar'}),frozenset({'bags & luggage - Wallets'}),0.057866666666666663,0.0224,0.0056,0.09677419354838711,4.320276497695853,0.004303786666666667,1.0823428571428573
frozenset({'bags & luggage - Wallets'}),frozenset({'beauty & health - Value Bazaar'}),0.0224,0.057866666666666663,0.0056,0.25,4.320276497695853,0.004303786666666667,1.2561777777777778
frozenset({'bags & luggage - Wallets'}),frozenset({'bags & luggage - Rucksacks'}),0.0224,0.0248,0.0064,0.28571428571428575,11.520737327188941,0.00584448,1.36528
frozenset({'bags & luggage - Rucksacks'}),frozenset({'bags & luggage - Wallets'}),0.0248,0.0224,0.0064,0.2580645161290323,11.520737327188943,0.00584448,1.3176347826086956
frozenset({'accessories - Bags & Luggage'}),frozenset({'beauty & health - Value Bazaar'}),0.017866666666666666,0.057866666666666663,0.0056,0.31343283582089554,5.416466056812712,0.0045661155555555555,1.3722376811594204
frozenset({'beauty & health - Value Bazaar'}),frozenset({'accessories - Bags & Luggage'}),0.057866666666666663,0.017866666666666666,0.0056,0.09677419354838711,5.416466056812712,0.0045661155555555555,1.0873619047619048
frozenset({'accessories - Bags & Luggage'}),frozenset({'beauty & health - Luxury Beauty'}),0.017866666666666666,0.06186666666666667,0.005333333333333333,0.29850746268656714,4.825012866700978,0.004227982222222222,1.3373390070921987
frozenset({'beauty & health - Luxury Beauty'}),frozenset({'accessories - Bags & Luggage'}),0.06186666666666667,0.017866666666666666,0.005333333333333333,0.08620689655172413,4.825012866700978,0.004227982222222222,1.0747874213836477
frozenset({'beauty & health - Value Bazaar'}),frozenset({'accessories - Sunglasses'}),0.057866666666666663,0.017066666666666667,0.005066666666666666,0.08755760368663594,5.130328341013825,0.004079075555555555,1.0772552188552187
frozenset({'accessories - Sunglasses'}),frozenset({'beauty & health - Value Bazaar'}),0.017066666666666667,0.057866666666666663,0.005066666666666666,0.29687499999999994,5.130328341013824,0.004079075555555555,1.339922962962963
frozenset({'accessories - Sunglasses'}),frozenset({'beauty & health - Make-up'}),0.017066666666666667,0.06186666666666667,0.005066666666666666,0.29687499999999994,4.798626077586206,0.004010808888888889,1.3342340740740741
frozenset({'beauty & health - Make-up'}),frozenset({'accessories - Sunglasses'}),0.06186666666666667,0.017066666666666667,0.005066666666666666,0.08189655172413793,4.798626077586206,0.004010808888888889,1.0706128325508606
frozenset({'accessories - Jewellery'}),frozenset({'beauty & health - Luxury Beauty'}),0.017333333333333333,0.06186666666666667,0.0056,0.3230769230769231,5.222148541114058,0.004527644444444445,1.385878787878788
frozenset({'beauty & health - Luxury Beauty'}),frozenset({'accessories - Jewellery'}),0.06186666666666667,0.017333333333333333,0.0056,0.09051724137931035,5.222148541114058,0.004527644444444445,1.0804676145339653
frozenset({'bags & luggage - Backpacks'}),frozenset({'beauty & health - Value Bazaar'}),0.025333333333333333,0.057866666666666663,0.010133333333333333,0.39999999999999997,6.912442396313364,0.008667377777777777,1.570222222222222
frozenset({'beauty & health - Value Bazaar'}),frozenset({'bags & luggage - Backpacks'}),0.057866666666666663,0.025333333333333333,0.010133333333333333,0.17511520737327188,6.912442396313364,0.008667377777777777,1.1815791433891993
frozenset({'bags & luggage - Backpacks'}),frozenset({'beauty & health - Make-up'}),0.025333333333333333,0.06186666666666667,0.0056,0.22105263157894736,3.5730490018148817,0.004032711111111111,1.2043603603603605
frozenset({'beauty & health - Make-up'}),frozenset({'bags & luggage - Backpacks'}),0.06186666666666667,0.025333333333333333,0.0056,0.09051724137931035,3.573049001814882,0.004032711111111111,1.0716714060031596
frozenset({'bags & luggage - Backpacks'}),frozenset({'beauty & health - Luxury Beauty'}),0.025333333333333333,0.06186666666666667,0.007466666666666667,0.2947368421052632,4.764065335753177,0.005899377777777778,1.3301890547263682
frozenset({'beauty & health - Luxury Beauty'}),frozenset({'bags & luggage - Backpacks'}),0.06186666666666667,0.025333333333333333,0.007466666666666667,0.12068965517241378,4.764065335753176,0.005899377777777778,1.1084444444444446
frozenset({'accessories - Watches'}),frozenset({'beauty & health - Make-up'}),0.019466666666666667,0.06186666666666667,0.0061333333333333335,0.3150684931506849,5.092701936702881,0.004928995555555556,1.3696746666666666
frozenset({'beauty & health - Make-up'}),frozenset({'accessories - Watches'}),0.06186666666666667,0.019466666666666667,0.0061333333333333335,0.09913793103448276,5.092701936702881,0.004928995555555556,1.0884389154704945
frozenset({'bags & luggage - Travel Accessories'}),frozenset({'beauty & health - Make-up'}),0.018133333333333335,0.06186666666666667,0.005333333333333333,0.2941176470588235,4.754056795131845,0.0042114844444444445,1.329022222222222
frozenset({'beauty & health - Make-up'}),frozenset({'bags & luggage - Travel Accessories'}),0.06186666666666667,0.018133333333333335,0.005333333333333333,0.08620689655172413,4.754056795131845,0.0042114844444444445,1.0744955974842767
frozenset({'accessories - Gold & Diamond Jewellery'}),frozenset({'beauty & health - Value Bazaar'}),0.017333333333333333,0.057866666666666663,0.005333333333333333,0.3076923076923077,5.317263381779512,0.0043303111111111115,1.3608592592592594
frozenset({'beauty & health - Value Bazaar'}),frozenset({'accessories - Gold & Diamond Jewellery'}),0.057866666666666663,0.017333333333333333,0.005333333333333333,0.09216589861751152,5.317263381779512,0.0043303111111111115,1.082429780033841
frozenset({'appliances - Refrigerators'}),frozenset({'home & kitchen - Kitchen & Dining'}),0.047466666666666664,0.0536,0.007466666666666667,0.15730337078651685,2.9347643803454635,0.004922453333333333,1.1230613333333332
frozenset({'home & kitchen - Kitchen & Dining'}),frozenset({'appliances - Refrigerators'}),0.0536,0.047466666666666664,0.007466666666666667,0.13930348258706468,2.934764380345464,0.004922453333333333,1.1067005780346821
frozenset({'appliances - Refrigerators'}),frozenset({'home & kitchen - Kitchen Storage & Containers'}),0.047466666666666664,0.055466666666666664,0.0056,0.11797752808988765,2.1269987035436477,0.0029671822222222225,1.070872186836518
frozenset({'home & kitchen - Kitchen Storage & Containers'}),frozenset({'appliances - Refrigerators'}),0.055466666666666664,0.047466666666666664,0.0056,0.10096153846153846,2.1269987035436477,0.0029671822222222225,1.0595023172905527
frozenset({'appliances - Refrigerators'}),frozenset({'home & kitchen - Home Improvement'}),0.047466666666666664,0.04346666666666667,0.0061333333333333335,0.12921348314606743,2.972702833115048,0.004070115555555556,1.0984705376344086
frozenset({'home & kitchen - Home Improvement'}),frozenset({'appliances - Refrigerators'}),0.04346666666666667,0.047466666666666664,0.0061333333333333335,0.1411042944785276,2.972702833115048,0.004070115555555556,1.1090209523809524
frozenset({'home & kitchen - Home Improvement'}),frozenset({'appliances - Heating & Cooling Appliances'}),0.04346666666666667,0.046933333333333334,0.007466666666666667,0.17177914110429449,3.6600669269380925,0.005426631111111111,1.1507397530864196
frozenset({'appliances - Heating & Cooling Appliances'}),frozenset({'home & kitchen - Home Improvement'}),0.046933333333333334,0.04346666666666667,0.007466666666666667,0.1590909090909091,3.6600669269380925,0.005426631111111111,1.137499099099099
frozenset({'appliances - Refrigerators'}),frozenset({'home & kitchen - Furniture'}),0.047466666666666664,0.03626666666666667,0.0056,0.11797752808988765,3.2530568407138136,0.003878542222222222,1.09264033970276
frozenset({'home & kitchen - Furniture'}),frozenset({'appliances - Refrigerators'}),0.03626666666666667,0.047466666666666664,0.0056,0.15441176470588233,3.253056840713813,0.003878542222222222,1.1264742028985508
frozenset({'home & kitchen - Furniture'}),frozenset({'home & kitchen - Home Improvement'}),0.03626666666666667,0.04346666666666667,0.005066666666666666,0.13970588235294115,3.2140923854204253,0.003490275555555555,1.1118678062678062
frozenset({'home & kitchen - Home Improvement'}),frozenset({'home & kitchen - Furniture'}),0.04346666666666667,0.03626666666666667,0.005066666666666666,0.1165644171779141,3.2140923854204253,0.003490275555555555,1.0908925925925925
frozenset({'appliances - Washing Machines'}),frozenset({'home & kitchen - Furniture'}),0.038933333333333334,0.03626666666666667,0.005066666666666666,0.13013698630136986,3.588336019339242,0.003654684444444444,1.1079139107611549
frozenset({'home & kitchen - Furniture'}),frozenset({'appliances - Washing Machines'}),0.03626666666666667,0.038933333333333334,0.005066666666666666,0.13970588235294115,3.5883360193392417,0.003654684444444444,1.1171373219373217
frozenset({'home & kitchen - Indoor Lighting'}),frozenset({'home & kitchen - Furniture'}),0.0416,0.03626666666666667,0.0056,0.1346153846153846,3.7118212669683253,0.004091306666666667,1.1136474074074074
frozenset({'home & kitchen - Furniture'}),frozenset({'home & kitchen - Indoor Lighting'}),0.03626666666666667,0.0416,0.0056,0.15441176470588233,3.7118212669683253,0.004091306666666667,1.1334121739130436
frozenset({'home & kitchen - Garden & Outdoors'}),frozenset({'home & kitchen - Furniture'}),0.037333333333333336,0.03626666666666667,0.005066666666666666,0.1357142857142857,3.742121848739495,0.0037127111111111104,1.1150633608815426
frozenset({'home & kitchen - Furniture'}),frozenset({'home & kitchen - Garden & Outdoors'}),0.03626666666666667,0.037333333333333336,0.005066666666666666,0.13970588235294115,3.7421218487394947,0.0037127111111111104,1.118997150997151
frozenset({'home & kitchen - Furniture'}),frozenset({'appliances - Heating & Cooling Appliances'}),0.03626666666666667,0.046933333333333334,0.005066666666666666,0.13970588235294115,2.9766878342245984,0.0033645511111111107,1.1078381766381764
frozenset({'appliances - Heating & Cooling Appliances'}),frozenset({'home & kitchen - Furniture'}),0.046933333333333334,0.03626666666666667,0.005066666666666666,0.10795454545454544,2.9766878342245984,0.0033645511111111107,1.0803634819532908
frozenset({'home & kitchen - Home Storage'}),frozenset({'home & kitchen - Furniture'}),0.0392,0.03626666666666667,0.0056,0.14285714285714285,3.9390756302521,0.004178346666666667,1.1243555555555556
frozenset({'home & kitchen - Furniture'}),frozenset({'home & kitchen - Home Storage'}),0.03626666666666667,0.0392,0.0056,0.15441176470588233,3.9390756302521006,0.004178346666666667,1.1362504347826088
frozenset({'home & kitchen - Kitchen Storage & Containers'}),frozenset({'appliances - Heating & Cooling Appliances'}),0.055466666666666664,0.046933333333333334,0.007466666666666667,0.1346153846153846,2.868225524475524,0.004863431111111111,1.1013214814814813
frozenset({'appliances - Heating & Cooling Appliances'}),frozenset({'home & kitchen - Kitchen Storage & Containers'}),0.046933333333333334,0.055466666666666664,0.007466666666666667,0.1590909090909091,2.8682255244755246,0.004863431111111111,1.1232288288288288
frozenset({'home & kitchen - Kitchen & Dining'}),frozenset({'appliances - Heating & Cooling Appliances'}),0.0536,0.046933333333333334,0.0088,0.16417910447761194,3.498134328358209,0.006284373333333334,1.1402761904761904
frozenset({'appliances - Heating & Cooling Appliances'}),frozenset({'home & kitchen - Kitchen & Dining'}),0.046933333333333334,0.0536,0.0088,0.1875,3.498134328358209,0.006284373333333334,1.1648
frozenset({'appliances - Refrigerators'}),frozenset({'appliances - Heating & Cooling Appliances'}),0.047466666666666664,0.046933333333333334,0.013333333333333334,0.2808988764044944,5.9850612870275794,0.011105564444444445,1.3253583333333332
frozenset({'appliances - Heating & Cooling Appliances'}),frozenset({'appliances - Refrigerators'}),0.046933333333333334,0.047466666666666664,0.013333333333333334,0.2840909090909091,5.98506128702758,0.011105564444444445,1.3305227513227516
frozenset({'home & kitchen - Indoor Lighting'}),frozenset({'appliances - Heating & Cooling Appliances'}),0.0416,0.046933333333333334,0.0061333333333333335,0.14743589743589744,3.14138986013986,0.004180906666666667,1.1178827067669173
frozenset({'appliances - Heating & Cooling Appliances'}),frozenset({'home & kitchen - Indoor Lighting'}),0.046933333333333334,0.0416,0.0061333333333333335,0.13068181818181818,3.14138986013986,0.004180906666666667,1.102473202614379
frozenset({'home & kitchen - Indoor Lighting'}),frozenset({'appliances - Refrigerators'}),0.0416,0.047466666666666664,0.0056,0.1346153846153846,2.8359982713915297,0.0036253866666666667,1.1007051851851852
frozenset({'appliances - Refrigerators'}),frozenset({'home & kitchen - Indoor Lighting'}),0.047466666666666664,0.0416,0.0056,0.11797752808988765,2.83599827139153,0.0036253866666666667,1.0865936305732484
frozenset({'home & kitchen - Indoor Lighting'}),frozenset({'home & kitchen - Home Improvement'}),0.0416,0.04346666666666667,0.0061333333333333335,0.14743589743589744,3.391930155733837,0.00432512,1.1219488721804511
frozenset({'home & kitchen - Home Improvement'}),frozenset({'home & kitchen - Indoor Lighting'}),0.04346666666666667,0.0416,0.0061333333333333335,0.1411042944785276,3.391930155733837,0.00432512,1.1158514285714285
frozenset({'home & kitchen - Home Storage'}),frozenset({'appliances - Refrigerators'}),0.0392,0.047466666666666664,0.0072,0.1836734693877551,3.869525338225178,0.005339306666666667,1.1668533333333333
frozenset({'appliances - Refrigerators'}),frozenset({'home & kitchen - Home Storage'}),0.047466666666666664,0.0392,0.0072,0.15168539325842698,3.869525338225178,0.005339306666666667,1.1325986754966888
frozenset({'home & kitchen - Home Storage'}),frozenset({'appliances - Kitchen & Home Appliances'}),0.0392,0.0416,0.005866666666666667,0.14965986394557823,3.5975928833071693,0.004235946666666667,1.1270784
frozenset({'appliances - Kitchen & Home Appliances'}),frozenset({'home & kitchen - Home Storage'}),0.0416,0.0392,0.005866666666666667,0.14102564102564102,3.5975928833071693,0.004235946666666667,1.1185432835820894
frozenset({'home & kitchen - Home Storage'}),frozenset({'home & kitchen - Home Improvement'}),0.0392,0.04346666666666667,0.0064,0.163265306122449,3.75610366846125,0.0046961066666666666,1.1431739837398374
frozenset({'home & kitchen - Home Improvement'}),frozenset({'home & kitchen - Home Storage'}),0.04346666666666667,0.0392,0.0064,0.147239263803681,3.75610366846125,0.0046961066666666666,1.1266935251798562
frozenset({'home & kitchen - Indoor Lighting'}),frozenset({'home & kitchen - Home Storage'}),0.0416,0.0392,0.005333333333333333,0.1282051282051282,3.270538984824699,0.0037026133333333336,1.102094117647059
frozenset({'home & kitchen - Home Storage'}),frozenset({'home & kitchen - Indoor Lighting'}),0.0392,0.0416,0.005333333333333333,0.1360544217687075,3.2705389848246997,0.0037026133333333336,1.1093291338582678
frozenset({'home & kitchen - Sewing & Craft Supplies'}),frozenset({'appliances - Heating & Cooling Appliances'}),0.0352,0.046933333333333334,0.005866666666666667,0.16666666666666666,3.5511363636363633,0.004214613333333333,1.1436799999999998
frozenset({'appliances - Heating & Cooling Appliances'}),frozenset({'home & kitchen - Sewing & Craft Supplies'}),0.046933333333333334,0.0352,0.005866666666666667,0.125,3.5511363636363633,0.004214613333333333,1.1026285714285715
frozenset({'home & kitchen - Home Storage'}),frozenset({'home & kitchen - Sewing & Craft Supplies'}),0.0392,0.0352,0.0056,0.14285714285714285,4.058441558441558,0.00422016,1.1256
frozenset({'home & kitchen - Sewing & Craft Supplies'}),frozenset({'home & kitchen - Home Storage'}),0.0352,0.0392,0.0056,0.1590909090909091,4.058441558441558,0.00422016,1.142572972972973
frozenset({'home & kitchen - Sewing & Craft Supplies'}),frozenset({'appliances - Kitchen & Home Appliances'}),0.0352,0.0416,0.006666666666666667,0.1893939393939394,4.552738927738928,0.005202346666666667,1.18232523364486
frozenset({'appliances - Kitchen & Home Appliances'}),frozenset({'home & kitchen - Sewing & Craft Supplies'}),0.0416,0.0352,0.006666666666666667,0.16025641025641027,4.552738927738928,0.005202346666666667,1.1489221374045802
frozenset({'appliances - Refrigerators'}),frozenset({'home & kitchen - Sewing & Craft Supplies'}),0.047466666666666664,0.0352,0.006933333333333333,0.14606741573033707,4.1496424923391215,0.0052625066666666664,1.1298315789473685
frozenset({'home & kitchen - Sewing & Craft Supplies'}),frozenset({'appliances - Refrigerators'}),0.0352,0.047466666666666664,0.006933333333333333,0.19696969696969696,4.1496424923391215,0.0052625066666666664,1.1861735849056605
frozenset({'appliances - Refrigerators'}),frozenset({'appliances - Washing Machines'}),0.047466666666666664,0.038933333333333334,0.014133333333333333,0.29775280898876405,7.647760504848391,0.012285297777777777,1.3685589333333332
frozenset({'appliances - Washing Machines'}),frozenset({'appliances - Refrigerators'}),0.038933333333333334,0.047466666666666664,0.014133333333333333,0.363013698630137,7.647760504848392,0.012285297777777777,1.4953749103942653
frozenset({'appliances - Washing Machines'}),frozenset({'appliances - Kitchen & Home Appliances'}),0.038933333333333334,0.0416,0.0104,0.2671232876712329,6.421232876712329,0.008780373333333332,1.3077233644859814
frozenset({'appliances - Kitchen & Home Appliances'}),frozenset({'appliances - Washing Machines'}),0.0416,0.038933333333333334,0.0104,0.25,6.421232876712328,0.008780373333333332,1.2814222222222222
frozenset({'appliances - Washing Machines'}),frozenset({'appliances - Heating & Cooling Appliances'}),0.038933333333333334,0.046933333333333334,0.011466666666666667,0.2945205479452055,6.275295765877958,0.009639395555555555,1.3509488673139158
frozenset({'appliances - Heating & Cooling Appliances'}),frozenset({'appliances - Washing Machines'}),0.046933333333333334,0.038933333333333334,0.011466666666666667,0.24431818181818182,6.275295765877957,0.009639395555555555,1.2717874686716792
frozenset({'appliances - Washing Machines'}),frozenset({'home & kitchen - Home Improvement'}),0.038933333333333334,0.04346666666666667,0.005866666666666667,0.1506849315068493,3.4666778720900915,0.004174364444444445,1.1262408602150538
frozenset({'home & kitchen - Home Improvement'}),frozenset({'appliances - Washing Machines'}),0.04346666666666667,0.038933333333333334,0.005866666666666667,0.13496932515337423,3.4666778720900915,0.004174364444444445,1.111020330969267
frozenset({'appliances - Washing Machines'}),frozenset({'home & kitchen - Kitchen & Dining'}),0.038933333333333334,0.0536,0.005066666666666666,0.13013698630136986,2.427928848906154,0.0029798399999999997,1.0879874015748032
frozenset({'home & kitchen - Kitchen & Dining'}),frozenset({'appliances - Washing Machines'}),0.0536,0.038933333333333334,0.005066666666666666,0.09452736318407959,2.427928848906154,0.0029798399999999997,1.061397802197802
frozenset({'appliances - Refrigerators'}),frozenset({'appliances - Kitchen & Home Appliances'}),0.047466666666666664,0.0416,0.016533333333333334,0.34831460674157305,8.37294727744166,0.01455872,1.470648275862069
frozenset({'appliances - Kitchen & Home Appliances'}),frozenset({'appliances - Refrigerators'}),0.0416,0.047466666666666664,0.016533333333333334,0.39743589743589747,8.37294727744166,0.01455872,1.5808000000000002
frozenset({'home & kitchen - Home Improvement'}),frozenset({'appliances - Kitchen & Home Appliances'}),0.04346666666666667,0.0416,0.0056,0.12883435582822086,3.0969797074091554,0.0037917866666666664,1.1001352112676057
frozenset({'appliances - Kitchen & Home Appliances'}),frozenset({'home & kitchen - Home Improvement'}),0.0416,0.04346666666666667,0.0056,0.1346153846153846,3.096979707409155,0.0037917866666666664,1.1053274074074073
frozenset({'appliances - Heating & Cooling Appliances'}),frozenset({'appliances - Kitchen & Home Appliances'}),0.046933333333333334,0.0416,0.0152,0.32386363636363635,7.785183566433567,0.013247573333333333,1.4174655462184875
frozenset({'appliances - Kitchen & Home Appliances'}),frozenset({'appliances - Heating & Cooling Appliances'}),0.0416,0.046933333333333334,0.0152,0.3653846153846154,7.785183566433567,0.013247573333333333,1.5018020202020201
frozenset({'home & kitchen - Indoor Lighting'}),frozenset({'appliances - Kitchen & Home Appliances'}),0.0416,0.0416,0.0056,0.1346153846153846,3.23594674556213,0.00386944,1.1074844444444445
frozenset({'appliances - Kitchen & Home Appliances'}),frozenset({'home & kitchen - Indoor Lighting'}),0.0416,0.0416,0.0056,0.1346153846153846,3.23594674556213,0.00386944,1.1074844444444445
frozenset({'home & kitchen - Kitchen Storage & Containers'}),frozenset({'home & kitchen - Kitchen & Dining'}),0.055466666666666664,0.0536,0.018666666666666668,0.33653846153846156,6.27870264064294,0.015693653333333335,1.426457971014493
frozenset({'home & kitchen - Kitchen & Dining'}),frozenset({'home & kitchen - Kitchen Storage & Containers'}),0.0536,0.055466666666666664,0.018666666666666668,0.3482587064676617,6.27870264064294,0.015693653333333335,1.4492458015267176
frozenset({'home & kitchen - Bedroom Linen'}),frozenset({'appliances - Heating & Cooling Appliances'}),0.03866666666666667,0.046933333333333334,0.008,0.20689655172413793,4.408307210031348,0.006185244444444444,1.2016927536231883
frozenset({'appliances - Heating & Cooling Appliances'}),frozenset({'home & kitchen - Bedroom Linen'}),0.046933333333333334,0.03866666666666667,0.008,0.17045454545454547,4.4083072100313485,0.006185244444444444,1.1588675799086758
frozenset({'home & kitchen - Bedroom Linen'}),frozenset({'appliances - Refrigerators'}),0.03866666666666667,0.047466666666666664,0.005866666666666667,0.15172413793103448,3.1964354901201086,0.004031288888888889,1.1229051490514905
frozenset({'appliances - Refrigerators'}),frozenset({'home & kitchen - Bedroom Linen'}),0.047466666666666664,0.03866666666666667,0.005866666666666667,0.12359550561797754,3.1964354901201086,0.004031288888888889,1.0969059829059828
frozenset({'home & kitchen - Bedroom Linen'}),frozenset({'appliances - Kitchen & Home Appliances'}),0.03866666666666667,0.0416,0.0056,0.14482758620689654,3.4814323607427053,0.003991466666666667,1.1207096774193548
frozenset({'appliances - Kitchen & Home Appliances'}),frozenset({'home & kitchen - Bedroom Linen'}),0.0416,0.03866666666666667,0.0056,0.1346153846153846,3.4814323607427053,0.003991466666666667,1.1108740740740741
frozenset({'home & kitchen - Bedroom Linen'}),frozenset({'home & kitchen - Home Improvement'}),0.03866666666666667,0.04346666666666667,0.005066666666666666,0.13103448275862067,3.0145969959805368,0.003385955555555555,1.1007724867724868
frozenset({'home & kitchen - Home Improvement'}),frozenset({'home & kitchen - Bedroom Linen'}),0.04346666666666667,0.03866666666666667,0.005066666666666666,0.1165644171779141,3.014596995980537,0.003385955555555555,1.088175925925926
frozenset({'home & kitchen - Indoor Lighting'}),frozenset({'home & kitchen - Bedroom Linen'}),0.0416,0.03866666666666667,0.007733333333333333,0.1858974358974359,4.8076923076923075,0.0061248,1.1808503937007875
frozenset({'home & kitchen - Bedroom Linen'}),frozenset({'home & kitchen - Indoor Lighting'}),0.03866666666666667,0.0416,0.007733333333333333,0.19999999999999998,4.8076923076923075,0.0061248,1.198
frozenset({'home & kitchen - Garden & Outdoors'}),frozenset({'home & kitchen - Home Improvement'}),0.037333333333333336,0.04346666666666667,0.0061333333333333335,0.16428571428571428,3.7795793163891322,0.004510577777777778,1.1445698005698006
frozenset({'home & kitchen - Home Improvement'}),frozenset({'home & kitchen - Garden & Outdoors'}),0.04346666666666667,0.037333333333333336,0.0061333333333333335,0.1411042944785276,3.779579316389132,0.004510577777777778,1.1208190476190476
frozenset({'appliances - Refrigerators'}),frozenset({'home & kitchen - Garden & Outdoors'}),0.047466666666666664,0.037333333333333336,0.005866666666666667,0.12359550561797754,3.310593900481541,0.004094577777777778,1.0984273504273503
frozenset({'home & kitchen - Garden & Outdoors'}),frozenset({'appliances - Refrigerators'}),0.037333333333333336,0.047466666666666664,0.005866666666666667,0.15714285714285714,3.3105939004815412,0.004094577777777778,1.1301242937853107
frozenset({'home & kitchen - Garden & Outdoors'}),frozenset({'home & kitchen - Home Furnishing'}),0.037333333333333336,0.03813333333333333,0.005066666666666666,0.1357142857142857,3.558941058941059,0.0036430222222222216,1.1129035812672177
frozenset({'home & kitchen - Home Furnishing'}),frozenset({'home & kitchen - Garden & Outdoors'}),0.03813333333333333,0.037333333333333336,0.005066666666666666,0.13286713286713286,3.5589410589410586,0.0036430222222222216,1.1101720430107527
frozenset({'home & kitchen - Garden & Outdoors'}),frozenset({'appliances - Kitchen & Home Appliances'}),0.037333333333333336,0.0416,0.005866666666666667,0.15714285714285714,3.7774725274725274,0.0043136,1.1370847457627118
frozenset({'appliances - Kitchen & Home Appliances'}),frozenset({'home & kitchen - Garden & Outdoors'}),0.0416,0.037333333333333336,0.005866666666666667,0.14102564102564102,3.777472527472527,0.0043136,1.1207164179104476
frozenset({'appliances - Washing Machines'}),frozenset({'home & kitchen - Garden & Outdoors'}),0.038933333333333334,0.037333333333333336,0.005866666666666667,0.1506849315068493,4.036203522504892,0.004413155555555556,1.1334623655913978
frozenset({'home & kitchen - Garden & Outdoors'}),frozenset({'appliances - Washing Machines'}),0.037333333333333336,0.038933333333333334,0.005866666666666667,0.15714285714285714,4.036203522504892,0.004413155555555556,1.1402485875706214
frozenset({'home & kitchen - Indoor Lighting'}),frozenset({'home & kitchen - Garden & Outdoors'}),0.0416,0.037333333333333336,0.0061333333333333335,0.14743589743589744,3.949175824175824,0.004580266666666667,1.1291428571428572
frozenset({'home & kitchen - Garden & Outdoors'}),frozenset({'home & kitchen - Indoor Lighting'}),0.037333333333333336,0.0416,0.0061333333333333335,0.16428571428571428,3.9491758241758244,0.004580266666666667,1.1468034188034189
frozenset({'appliances - Refrigerators'}),frozenset({'home & kitchen - Home Furnishing'}),0.047466666666666664,0.03813333333333333,0.0056,0.11797752808988765,3.0938162960634874,0.003789937777777778,1.090523991507431
frozenset({'home & kitchen - Home Furnishing'}),frozenset({'appliances - Refrigerators'}),0.03813333333333333,0.047466666666666664,0.0056,0.14685314685314685,3.093816296063487,0.003789937777777778,1.1164939890710384
frozenset({'home & kitchen - Home Furnishing'}),frozenset({'appliances - Heating & Cooling Appliances'}),0.03813333333333333,0.046933333333333334,0.006933333333333333,0.18181818181818182,3.8739669421487606,0.005143608888888889,1.1648592592592593
frozenset({'appliances - Heating & Cooling Appliances'}),frozenset({'home & kitchen - Home Furnishing'}),0.046933333333333334,0.03813333333333333,0.006933333333333333,0.1477272727272727,3.87396694214876,0.005143608888888889,1.1285902222222222
frozenset({'home & kitchen - Bedroom Linen'}),frozenset({'home & kitchen - Home Furnishing'}),0.03866666666666667,0.03813333333333333,0.005333333333333333,0.13793103448275862,3.6170725825898242,0.003858844444444444,1.1157653333333333
frozenset({'home & kitchen - Home Furnishing'}),frozenset({'home & kitchen - Bedroom Linen'}),0.03813333333333333,0.03866666666666667,0.005333333333333333,0.13986013986013987,3.6170725825898242,0.003858844444444444,1.1176476964769648
frozenset({'home & kitchen - Home Furnishing'}),frozenset({'home & kitchen - Home Improvement'}),0.03813333333333333,0.04346666666666667,0.0056,0.14685314685314685,3.3785233171736238,0.003942471111111111,1.1211825136612021
frozenset({'home & kitchen - Home Improvement'}),frozenset({'home & kitchen - Home Furnishing'}),0.04346666666666667,0.03813333333333333,0.0056,0.12883435582822086,3.378523317173624,0.003942471111111111,1.1041145539906103
frozenset({'home & kitchen - Home Furnishing'}),frozenset({'appliances - Kitchen & Home Appliances'}),0.03813333333333333,0.0416,0.0056,0.14685314685314685,3.530123722431415,0.004013653333333334,1.1233704918032787
frozenset({'appliances - Kitchen & Home Appliances'}),frozenset({'home & kitchen - Home Furnishing'}),0.0416,0.03813333333333333,0.0056,0.1346153846153846,3.530123722431415,0.004013653333333334,1.1114903703703702
frozenset({'home & kitchen - Indoor Lighting'}),frozenset({'home & kitchen - Home Furnishing'}),0.0416,0.03813333333333333,0.0056,0.1346153846153846,3.530123722431415,0.004013653333333334,1.1114903703703702
frozenset({'home & kitchen - Home Furnishing'}),frozenset({'home & kitchen - Indoor Lighting'}),0.03813333333333333,0.0416,0.0056,0.14685314685314685,3.530123722431415,0.004013653333333334,1.1233704918032787
frozenset({'home & kitchen - Home Storage'}),frozenset({'home & kitchen - Home Décor'}),0.0392,0.03493333333333333,0.0061333333333333335,0.1564625850340136,4.478890792958405,0.004763946666666667,1.1440709677419354
frozenset({'home & kitchen - Home Décor'}),frozenset({'home & kitchen - Home Storage'}),0.03493333333333333,0.0392,0.0061333333333333335,0.17557251908396948,4.478890792958405,0.004763946666666667,1.1654148148148147
frozenset({'home & kitchen - Indoor Lighting'}),frozenset({'home & kitchen - Home Décor'}),0.0416,0.03493333333333333,0.0056,0.1346153846153846,3.853493834409865,0.0041467733333333335,1.115188148148148
frozenset({'home & kitchen - Home Décor'}),frozenset({'home & kitchen - Indoor Lighting'}),0.03493333333333333,0.0416,0.0056,0.1603053435114504,3.8534938344098655,0.0041467733333333335,1.1413672727272728
frozenset({'beauty & health - Beauty & Grooming'}),frozenset({'beauty & health - Health & Personal Care'}),0.0216,0.023466666666666667,0.005066666666666666,0.2345679012345679,9.995791245791246,0.004559786666666666,1.2757935483870968
frozenset({'beauty & health - Health & Personal Care'}),frozenset({'beauty & health - Beauty & Grooming'}),0.023466666666666667,0.0216,0.005066666666666666,0.21590909090909088,9.995791245791244,0.004559786666666666,1.2478144927536232
frozenset({'home & kitchen - Kitchen Storage & Containers'}),"frozenset({'grocery & gourmet foods - Coffee, Tea & Beverages'})",0.055466666666666664,0.03253333333333333,0.016533333333333334,0.29807692307692313,9.162200504413622,0.014728817777777778,1.378308675799087
"frozenset({'grocery & gourmet foods - Coffee, Tea & Beverages'})",frozenset({'home & kitchen - Kitchen Storage & Containers'}),0.03253333333333333,0.055466666666666664,0.016533333333333334,0.5081967213114754,9.16220050441362,0.014728817777777778,1.920551111111111
"frozenset({'grocery & gourmet foods - Coffee, Tea & Beverages'})",frozenset({'grocery & gourmet foods - Snack Foods'}),0.03253333333333333,0.03493333333333333,0.017066666666666667,0.5245901639344263,15.016894005756479,0.01593016888888889,2.029967816091954
frozenset({'grocery & gourmet foods - Snack Foods'}),"frozenset({'grocery & gourmet foods - Coffee, Tea & Beverages'})",0.03493333333333333,0.03253333333333333,0.017066666666666667,0.4885496183206108,15.01689400575648,0.01593016888888889,1.8916139303482593
"frozenset({'grocery & gourmet foods - Coffee, Tea & Beverages'})",frozenset({'home & kitchen - Kitchen & Dining'}),0.03253333333333333,0.0536,0.013333333333333334,0.40983606557377056,7.646195253241988,0.011589546666666667,1.6036222222222223
frozenset({'home & kitchen - Kitchen & Dining'}),"frozenset({'grocery & gourmet foods - Coffee, Tea & Beverages'})",0.0536,0.03253333333333333,0.013333333333333334,0.24875621890547264,7.646195253241988,0.011589546666666667,1.2878198675496688
"frozenset({'home & kitchen - Kitchen Storage & Containers', 'grocery & gourmet foods - Coffee, Tea & Beverages'})",frozenset({'grocery & gourmet foods - Snack Foods'}),0.016533333333333334,0.03493333333333333,0.007733333333333333,0.46774193548387094,13.389559221866536,0.007155768888888889,1.8131555555555556
"frozenset({'home & kitchen - Kitchen Storage & Containers', 'grocery & gourmet foods - Snack Foods'})","frozenset({'grocery & gourmet foods - Coffee, Tea & Beverages'})",0.0176,0.03253333333333333,0.007733333333333333,0.4393939393939394,13.505961251862892,0.007160746666666667,1.7257513513513516
"frozenset({'grocery & gourmet foods - Coffee, Tea & Beverages', 'grocery & gourmet foods - Snack Foods'})",frozenset({'home & kitchen - Kitchen Storage & Containers'}),0.017066666666666667,0.055466666666666664,0.007733333333333333,0.453125,8.169320913461538,0.006786702222222222,1.7271466666666666
frozenset({'home & kitchen - Kitchen Storage & Containers'}),"frozenset({'grocery & gourmet foods - Coffee, Tea & Beverages', 'grocery & gourmet foods - Snack Foods'})",0.055466666666666664,0.017066666666666667,0.007733333333333333,0.13942307692307693,8.169320913461538,0.006786702222222222,1.1421795158286778
"frozenset({'grocery & gourmet foods - Coffee, Tea & Beverages'})","frozenset({'home & kitchen - Kitchen Storage & Containers', 'grocery & gourmet foods - Snack Foods'})",0.03253333333333333,0.0176,0.007733333333333333,0.2377049180327869,13.50596125186289,0.007160746666666667,1.2887397849462368
frozenset({'grocery & gourmet foods - Snack Foods'}),"frozenset({'home & kitchen - Kitchen Storage & Containers', 'grocery & gourmet foods - Coffee, Tea & Beverages'})",0.03493333333333333,0.016533333333333334,0.007733333333333333,0.22137404580152673,13.389559221866536,0.007155768888888889,1.2630797385620915
"frozenset({'grocery & gourmet foods - Coffee, Tea & Beverages', 'grocery & gourmet foods - Snack Foods'})",frozenset({'home & kitchen - Kitchen & Dining'}),0.017066666666666667,0.0536,0.008,0.46875,8.745335820895523,0.007085226666666666,1.7814588235294118
"frozenset({'grocery & gourmet foods - Coffee, Tea & Beverages', 'home & kitchen - Kitchen & Dining'})",frozenset({'grocery & gourmet foods - Snack Foods'}),0.013333333333333334,0.03493333333333333,0.008,0.6,17.17557251908397,0.0075342222222222225,2.4126666666666665
"frozenset({'home & kitchen - Kitchen & Dining', 'grocery & gourmet foods - Snack Foods'})","frozenset({'grocery & gourmet foods - Coffee, Tea & Beverages'})",0.016266666666666665,0.03253333333333333,0.008,0.49180327868852464,15.116904058048915,0.007470791111111112,1.903724731182796
"frozenset({'grocery & gourmet foods - Coffee, Tea & Beverages'})","frozenset({'home & kitchen - Kitchen & Dining', 'grocery & gourmet foods - Snack Foods'})",0.03253333333333333,0.016266666666666665,0.008,0.24590163934426232,15.116904058048915,0.007470791111111112,1.3045159420289856
frozenset({'grocery & gourmet foods - Snack Foods'}),"frozenset({'grocery & gourmet foods - Coffee, Tea & Beverages', 'home & kitchen - Kitchen & Dining'})",0.03493333333333333,0.013333333333333334,0.008,0.22900763358778628,17.17557251908397,0.0075342222222222225,1.27973597359736
frozenset({'home & kitchen - Kitchen & Dining'}),"frozenset({'grocery & gourmet foods - Coffee, Tea & Beverages', 'grocery & gourmet foods - Snack Foods'})",0.0536,0.017066666666666667,0.008,0.14925373134328357,8.745335820895521,0.007085226666666666,1.1553777777777778
"frozenset({'home & kitchen - Kitchen Storage & Containers', 'grocery & gourmet foods - Coffee, Tea & Beverages'})",frozenset({'home & kitchen - Kitchen & Dining'}),0.016533333333333334,0.0536,0.006666666666666667,0.40322580645161293,7.5228695233509875,0.00578048,1.5858594594594597
"frozenset({'home & kitchen - Kitchen Storage & Containers', 'home & kitchen - Kitchen & Dining'})","frozenset({'grocery & gourmet foods - Coffee, Tea & Beverages'})",0.018666666666666668,0.03253333333333333,0.006666666666666667,0.35714285714285715,10.977751756440282,0.006059377777777778,1.5049481481481484
"frozenset({'grocery & gourmet foods - Coffee, Tea & Beverages', 'home & kitchen - Kitchen & Dining'})",frozenset({'home & kitchen - Kitchen Storage & Containers'}),0.013333333333333334,0.055466666666666664,0.006666666666666667,0.5,9.014423076923077,0.005927111111111111,1.8890666666666667
frozenset({'home & kitchen - Kitchen Storage & Containers'}),"frozenset({'grocery & gourmet foods - Coffee, Tea & Beverages', 'home & kitchen - Kitchen & Dining'})",0.055466666666666664,0.013333333333333334,0.006666666666666667,0.12019230769230771,9.014423076923078,0.005927111111111111,1.121457194899818
"frozenset({'grocery & gourmet foods - Coffee, Tea & Beverages'})","frozenset({'home & kitchen - Kitchen Storage & Containers', 'home & kitchen - Kitchen & Dining'})",0.03253333333333333,0.018666666666666668,0.006666666666666667,0.20491803278688528,10.977751756440282,0.006059377777777778,1.234254295532646
frozenset({'home & kitchen - Kitchen & Dining'}),"frozenset({'home & kitchen - Kitchen Storage & Containers', 'grocery & gourmet foods - Coffee, Tea & Beverages'})",0.0536,0.016533333333333334,0.006666666666666667,0.12437810945273632,7.522869523350987,0.00578048,1.1231636363636364
frozenset({'home & kitchen - Kitchen Storage & Containers'}),frozenset({'grocery & gourmet foods - Snack Foods'}),0.055466666666666664,0.03493333333333333,0.0176,0.31730769230769235,9.083235466823256,0.015662364444444445,1.4136187793427228
frozenset({'grocery & gourmet foods - Snack Foods'}),frozenset({'home & kitchen - Kitchen Storage & Containers'}),0.03493333333333333,0.055466666666666664,0.0176,0.5038167938931298,9.083235466823254,0.015662364444444445,1.9035979487179489
frozenset({'home & kitchen - Kitchen & Dining'}),frozenset({'grocery & gourmet foods - Snack Foods'}),0.0536,0.03493333333333333,0.016266666666666665,0.30348258706467657,8.687478637347612,0.014394239999999999,1.38556
frozenset({'grocery & gourmet foods - Snack Foods'}),frozenset({'home & kitchen - Kitchen & Dining'}),0.03493333333333333,0.0536,0.016266666666666665,0.46564885496183206,8.687478637347613,0.014394239999999999,1.77112
"frozenset({'home & kitchen - Kitchen Storage & Containers', 'home & kitchen - Kitchen & Dining'})",frozenset({'grocery & gourmet foods - Snack Foods'}),0.018666666666666668,0.03493333333333333,0.0088,0.4714285714285714,13.495092693565978,0.008147911111111112,1.8258018018018016
"frozenset({'home & kitchen - Kitchen Storage & Containers', 'grocery & gourmet foods - Snack Foods'})",frozenset({'home & kitchen - Kitchen & Dining'}),0.0176,0.0536,0.0088,0.5,9.328358208955224,0.00785664,1.8928
"frozenset({'home & kitchen - Kitchen & Dining', 'grocery & gourmet foods - Snack Foods'})",frozenset({'home & kitchen - Kitchen Storage & Containers'}),0.016266666666666665,0.055466666666666664,0.0088,0.5409836065573771,9.753310214375789,0.007897742222222223,2.0577333333333336
frozenset({'home & kitchen - Kitchen Storage & Containers'}),"frozenset({'home & kitchen - Kitchen & Dining', 'grocery & gourmet foods - Snack Foods'})",0.055466666666666664,0.016266666666666665,0.0088,0.15865384615384617,9.75331021437579,0.007897742222222223,1.1692373333333332
frozenset({'home & kitchen - Kitchen & Dining'}),"frozenset({'home & kitchen - Kitchen Storage & Containers', 'grocery & gourmet foods - Snack Foods'})",0.0536,0.0176,0.0088,0.16417910447761194,9.328358208955223,0.00785664,1.1753714285714287
frozenset({'grocery & gourmet foods - Snack Foods'}),"frozenset({'home & kitchen - Kitchen Storage & Containers', 'home & kitchen - Kitchen & Dining'})",0.03493333333333333,0.018666666666666668,0.0088,0.2519083969465649,13.495092693565976,0.008147911111111112,1.3117823129251702
"frozenset({""men's shoes - Casual Shoes""})","frozenset({""men's shoes - Formal Shoes""})",0.05733333333333333,0.05173333333333333,0.0216,0.37674418604651166,7.282426276672262,0.018633955555555557,1.5214726368159206
"frozenset({""men's shoes - Formal Shoes""})","frozenset({""men's shoes - Casual Shoes""})",0.05173333333333333,0.05733333333333333,0.0216,0.4175257731958763,7.282426276672261,0.018633955555555557,1.618383480825959
"frozenset({""men's shoes - Sports Shoes""})","frozenset({""men's shoes - Formal Shoes""})",0.05893333333333333,0.05173333333333333,0.021333333333333333,0.36199095022624433,6.997247749218641,0.018284515555555554,1.4862903073286053
"frozenset({""men's shoes - Formal Shoes""})","frozenset({""men's shoes - Sports Shoes""})",0.05173333333333333,0.05893333333333333,0.021333333333333333,0.41237113402061853,6.997247749218641,0.018284515555555554,1.6014643274853801
"frozenset({""women's shoes - Shoes""})","frozenset({""men's shoes - Formal Shoes""})",0.05333333333333334,0.05173333333333333,0.009866666666666666,0.18499999999999997,3.576030927835051,0.0071075555555555545,1.163517382413088
"frozenset({""men's shoes - Formal Shoes""})","frozenset({""women's shoes - Shoes""})",0.05173333333333333,0.05333333333333334,0.009866666666666666,0.19072164948453607,3.5760309278350513,0.0071075555555555545,1.1697664543524415
"frozenset({""women's shoes - Ballerinas""})","frozenset({""men's shoes - Formal Shoes""})",0.0544,0.05173333333333333,0.009333333333333334,0.17156862745098042,3.3164038811400856,0.006519040000000001,1.14465325443787
"frozenset({""men's shoes - Formal Shoes""})","frozenset({""women's shoes - Ballerinas""})",0.05173333333333333,0.0544,0.009333333333333334,0.18041237113402064,3.3164038811400856,0.006519040000000001,1.1537509433962265
"frozenset({""women's shoes - Fashion Sandals""})","frozenset({""men's shoes - Formal Shoes""})",0.0576,0.05173333333333333,0.0104,0.18055555555555555,3.4901202749140894,0.00742016,1.157206779661017
"frozenset({""men's shoes - Formal Shoes""})","frozenset({""women's shoes - Fashion Sandals""})",0.05173333333333333,0.0576,0.0104,0.20103092783505155,3.4901202749140894,0.00742016,1.17952
"frozenset({""men's shoes - Sports Shoes"", ""men's shoes - Casual Shoes""})","frozenset({""men's shoes - Formal Shoes""})",0.025866666666666666,0.05173333333333333,0.0104,0.4020618556701031,7.771814220427251,0.009061831111111111,1.5858942528735633
"frozenset({""men's shoes - Sports Shoes"", ""men's shoes - Formal Shoes""})","frozenset({""men's shoes - Casual Shoes""})",0.021333333333333333,0.05733333333333333,0.0104,0.4875,8.502906976744185,0.009176888888888889,1.8393495934959352
"frozenset({""men's shoes - Casual Shoes"", ""men's shoes - Formal Shoes""})","frozenset({""men's shoes - Sports Shoes""})",0.0216,0.05893333333333333,0.0104,0.48148148148148145,8.169934640522875,0.00912704,1.8149142857142855
"frozenset({""men's shoes - Sports Shoes""})","frozenset({""men's shoes - Casual Shoes"", ""men's shoes - Formal Shoes""})",0.05893333333333333,0.0216,0.0104,0.17647058823529413,8.169934640522875,0.00912704,1.188057142857143
"frozenset({""men's shoes - Casual Shoes""})","frozenset({""men's shoes - Sports Shoes"", ""men's shoes - Formal Shoes""})",0.05733333333333333,0.021333333333333333,0.0104,0.18139534883720929,8.502906976744185,0.009176888888888889,1.195530303030303
"frozenset({""men's shoes - Formal Shoes""})","frozenset({""men's shoes - Sports Shoes"", ""men's shoes - Casual Shoes""})",0.05173333333333333,0.025866666666666666,0.0104,0.20103092783505155,7.771814220427251,0.009061831111111111,1.2192378494623655
"frozenset({""women's shoes - Fashion Sandals"", ""men's shoes - Casual Shoes""})","frozenset({""men's shoes - Formal Shoes""})",0.012,0.05173333333333333,0.005066666666666666,0.42222222222222217,8.161512027491408,0.004445866666666666,1.641230769230769
"frozenset({""women's shoes - Fashion Sandals"", ""men's shoes - Formal Shoes""})","frozenset({""men's shoes - Casual Shoes""})",0.0104,0.05733333333333333,0.005066666666666666,0.48717948717948717,8.49731663685152,0.004470399999999999,1.8382
"frozenset({""men's shoes - Casual Shoes"", ""men's shoes - Formal Shoes""})","frozenset({""women's shoes - Fashion Sandals""})",0.0216,0.0576,0.005066666666666666,0.2345679012345679,4.072359396433471,0.003822506666666666,1.2311999999999999
"frozenset({""women's shoes - Fashion Sandals""})","frozenset({""men's shoes - Casual Shoes"", ""men's shoes - Formal Shoes""})",0.0576,0.0216,0.005066666666666666,0.08796296296296297,4.072359396433471,0.003822506666666666,1.0727634517766498
"frozenset({""men's shoes - Casual Shoes""})","frozenset({""women's shoes - Fashion Sandals"", ""men's shoes - Formal Shoes""})",0.05733333333333333,0.0104,0.005066666666666666,0.08837209302325581,8.49731663685152,0.004470399999999999,1.085530612244898
"frozenset({""men's shoes - Formal Shoes""})","frozenset({""women's shoes - Fashion Sandals"", ""men's shoes - Casual Shoes""})",0.05173333333333333,0.012,0.005066666666666666,0.0979381443298969,8.161512027491408,0.004445866666666666,1.0952685714285715
"frozenset({""men's clothing - T-shirts & Polos""})","frozenset({""men's shoes - Formal Shoes""})",0.04426666666666667,0.05173333333333333,0.006933333333333333,0.15662650602409636,3.027574214383306,0.004643271111111111,1.1243733333333332
"frozenset({""men's shoes - Formal Shoes""})","frozenset({""men's clothing - T-shirts & Polos""})",0.05173333333333333,0.04426666666666667,0.006933333333333333,0.13402061855670103,3.027574214383306,0.004643271111111111,1.1036444444444444
"frozenset({""men's clothing - T-shirts & Polos""})","frozenset({""men's shoes - Casual Shoes""})",0.04426666666666667,0.05733333333333333,0.0088,0.19879518072289157,3.4673578033062484,0.006262044444444444,1.176561403508772
"frozenset({""men's shoes - Casual Shoes""})","frozenset({""men's clothing - T-shirts & Polos""})",0.05733333333333333,0.04426666666666667,0.0088,0.15348837209302327,3.4673578033062484,0.006262044444444444,1.129025641025641
"frozenset({""men's shoes - Sports Shoes""})","frozenset({""men's clothing - T-shirts & Polos""})",0.05893333333333333,0.04426666666666667,0.008533333333333334,0.14479638009049775,3.2710025622853407,0.005924551111111112,1.1175506172839507
"frozenset({""men's clothing - T-shirts & Polos""})","frozenset({""men's shoes - Sports Shoes""})",0.04426666666666667,0.05893333333333333,0.008533333333333334,0.1927710843373494,3.2710025622853407,0.005924551111111112,1.1657990049751243
"frozenset({""men's clothing - Jeans""})","frozenset({""men's clothing - T-shirts & Polos""})",0.0464,0.04426666666666667,0.012533333333333334,0.27011494252873564,6.101994183631076,0.01047936,1.3094299212598426
"frozenset({""men's clothing - T-shirts & Polos""})","frozenset({""men's clothing - Jeans""})",0.04426666666666667,0.0464,0.012533333333333334,0.2831325301204819,6.101994183631076,0.01047936,1.3302319327731091
"frozenset({""men's clothing - T-shirts & Polos""})","frozenset({""men's clothing - Innerwear""})",0.04426666666666667,0.04373333333333333,0.0152,0.3433734939759036,7.851528063473406,0.01326407111111111,1.4563327217125384
"frozenset({""men's clothing - Innerwear""})","frozenset({""men's clothing - T-shirts & Polos""})",0.04373333333333333,0.04426666666666667,0.0152,0.34756097560975613,7.851528063473406,0.01326407111111111,1.4648623052959504
"frozenset({""men's clothing - Innerwear""})","frozenset({""men's shoes - Formal Shoes""})",0.04373333333333333,0.05173333333333333,0.008,0.18292682926829268,3.5359567513200907,0.005737528888888889,1.1605651741293532
"frozenset({""men's shoes - Formal Shoes""})","frozenset({""men's clothing - Innerwear""})",0.05173333333333333,0.04373333333333333,0.008,0.15463917525773196,3.5359567513200907,0.005737528888888889,1.1311934959349594
"frozenset({""men's shoes - Sports Shoes""})","frozenset({""men's clothing - Innerwear""})",0.05893333333333333,0.04373333333333333,0.0088,0.14932126696832582,3.4143582386050113,0.0062226488888888895,1.1241219858156029
"frozenset({""men's clothing - Innerwear""})","frozenset({""men's shoes - Sports Shoes""})",0.04373333333333333,0.05893333333333333,0.0088,0.20121951219512196,3.414358238605011,0.0062226488888888895,1.178129262086514
"frozenset({""men's shoes - Casual Shoes""})","frozenset({""men's clothing - Innerwear""})",0.05733333333333333,0.04373333333333333,0.0096,0.16744186046511628,3.8287010777084514,0.007092622222222221,1.1485884543761637
"frozenset({""men's clothing - Innerwear""})","frozenset({""men's shoes - Casual Shoes""})",0.04373333333333333,0.05733333333333333,0.0096,0.2195121951219512,3.828701077708451,0.007092622222222221,1.2077916666666666
"frozenset({""men's clothing - Jeans""})","frozenset({""men's clothing - Innerwear""})",0.0464,0.04373333333333333,0.013333333333333334,0.2873563218390805,6.570647603027756,0.011304106666666668,1.341858064516129
"frozenset({""men's clothing - Innerwear""})","frozenset({""men's clothing - Jeans""})",0.04373333333333333,0.0464,0.013333333333333334,0.30487804878048785,6.570647603027756,0.011304106666666668,1.3718456140350879
"frozenset({""men's clothing - Shirts""})","frozenset({""men's clothing - Innerwear""})",0.0408,0.04373333333333333,0.0128,0.3137254901960784,7.173601147776184,0.01101568,1.393417142857143
"frozenset({""men's clothing - Innerwear""})","frozenset({""men's clothing - Shirts""})",0.04373333333333333,0.0408,0.0128,0.29268292682926833,7.173601147776184,0.01101568,1.3561103448275864
"frozenset({""men's shoes - Sports Shoes""})","frozenset({""men's clothing - Shirts""})",0.05893333333333333,0.0408,0.007466666666666667,0.12669683257918551,3.105314523999645,0.005062186666666666,1.098358549222798
"frozenset({""men's clothing - Shirts""})","frozenset({""men's shoes - Sports Shoes""})",0.0408,0.05893333333333333,0.007466666666666667,0.1830065359477124,3.105314523999645,0.005062186666666666,1.1518656
"frozenset({""men's clothing - Shirts""})","frozenset({""men's shoes - Casual Shoes""})",0.0408,0.05733333333333333,0.008,0.19607843137254902,3.4199726402188784,0.0056608000000000006,1.1725853658536585
"frozenset({""men's shoes - Casual Shoes""})","frozenset({""men's clothing - Shirts""})",0.05733333333333333,0.0408,0.008,0.13953488372093023,3.419972640218878,0.0056608000000000006,1.1147459459459461
"frozenset({""men's clothing - Shirts""})","frozenset({""men's shoes - Formal Shoes""})",0.0408,0.05173333333333333,0.006933333333333333,0.1699346405228758,3.2848190822720835,0.004822613333333333,1.1424
"frozenset({""men's shoes - Formal Shoes""})","frozenset({""men's clothing - Shirts""})",0.05173333333333333,0.0408,0.006933333333333333,0.13402061855670103,3.284819082272084,0.004822613333333333,1.107647619047619
"frozenset({""men's clothing - Jeans""})","frozenset({""men's clothing - Shirts""})",0.0464,0.0408,0.012533333333333334,0.27011494252873564,6.620464277665088,0.010640213333333334,1.3141795275590553
"frozenset({""men's clothing - Shirts""})","frozenset({""men's clothing - Jeans""})",0.0408,0.0464,0.012533333333333334,0.3071895424836601,6.620464277665088,0.010640213333333334,1.376422641509434
"frozenset({""men's clothing - Shirts""})","frozenset({""men's clothing - T-shirts & Polos""})",0.0408,0.04426666666666667,0.010666666666666666,0.261437908496732,5.905976848570752,0.008860586666666666,1.2940460176991149
"frozenset({""men's clothing - T-shirts & Polos""})","frozenset({""men's clothing - Shirts""})",0.04426666666666667,0.0408,0.010666666666666666,0.24096385542168672,5.905976848570752,0.008860586666666666,1.2637079365079367
"frozenset({""men's clothing - Jeans""})","frozenset({""men's shoes - Formal Shoes""})",0.0464,0.05173333333333333,0.008266666666666667,0.17816091954022992,3.443832207607537,0.00586624,1.153834965034965
"frozenset({""men's shoes - Formal Shoes""})","frozenset({""men's clothing - Jeans""})",0.05173333333333333,0.0464,0.008266666666666667,0.1597938144329897,3.443832207607537,0.00586624,1.134959509202454
"frozenset({""men's shoes - Sports Shoes""})","frozenset({""men's clothing - Jeans""})",0.05893333333333333,0.0464,0.008,0.13574660633484165,2.925573412388829,0.0052654933333333345,1.1033801047120417
"frozenset({""men's clothing - Jeans""})","frozenset({""men's shoes - Sports Shoes""})",0.0464,0.05893333333333333,0.008,0.1724137931034483,2.9255734123888284,0.0052654933333333345,1.1371222222222224
"frozenset({""men's clothing - Jeans""})","frozenset({""men's shoes - Casual Shoes""})",0.0464,0.05733333333333333,0.007466666666666667,0.16091954022988506,2.8067361668003206,0.004806400000000001,1.1234520547945206
"frozenset({""men's shoes - Casual Shoes""})","frozenset({""men's clothing - Jeans""})",0.05733333333333333,0.0464,0.007466666666666667,0.13023255813953488,2.806736166800321,0.004806400000000001,1.096385026737968
"frozenset({""men's shoes - Sports Shoes""})","frozenset({""men's shoes - Casual Shoes""})",0.05893333333333333,0.05733333333333333,0.025866666666666666,0.43891402714932126,7.65547721772072,0.02248782222222222,1.6800752688172043
"frozenset({""men's shoes - Casual Shoes""})","frozenset({""men's shoes - Sports Shoes""})",0.05733333333333333,0.05893333333333333,0.025866666666666666,0.4511627906976744,7.65547721772072,0.02248782222222222,1.7146553672316385
"frozenset({""women's shoes - Fashion Sandals""})","frozenset({""men's shoes - Casual Shoes""})",0.0576,0.05733333333333333,0.012,0.20833333333333334,3.6337209302325584,0.0086976,1.190736842105263
"frozenset({""men's shoes - Casual Shoes""})","frozenset({""women's shoes - Fashion Sandals""})",0.05733333333333333,0.0576,0.012,0.20930232558139536,3.6337209302325584,0.0086976,1.1918588235294119
"frozenset({""men's shoes - Sports Shoes"", ""women's shoes - Fashion Sandals""})","frozenset({""men's shoes - Casual Shoes""})",0.0128,0.05733333333333333,0.005333333333333333,0.41666666666666663,7.267441860465116,0.004599466666666666,1.6159999999999999
"frozenset({""men's shoes - Sports Shoes"", ""men's shoes - Casual Shoes""})","frozenset({""women's shoes - Fashion Sandals""})",0.025866666666666666,0.0576,0.005333333333333333,0.20618556701030927,3.5796105383734247,0.0038434133333333335,1.1871792207792207
"frozenset({""women's shoes - Fashion Sandals"", ""men's shoes - Casual Shoes""})","frozenset({""men's shoes - Sports Shoes""})",0.012,0.05893333333333333,0.005333333333333333,0.4444444444444444,7.541478129713424,0.004626133333333333,1.69392
"frozenset({""men's shoes - Sports Shoes""})","frozenset({""women's shoes - Fashion Sandals"", ""men's shoes - Casual Shoes""})",0.05893333333333333,0.012,0.005333333333333333,0.09049773755656108,7.541478129713424,0.004626133333333333,1.0863084577114428
"frozenset({""women's shoes - Fashion Sandals""})","frozenset({""men's shoes - Sports Shoes"", ""men's shoes - Casual Shoes""})",0.0576,0.025866666666666666,0.005333333333333333,0.09259259259259259,3.5796105383734247,0.0038434133333333335,1.073534693877551
"frozenset({""men's shoes - Casual Shoes""})","frozenset({""men's shoes - Sports Shoes"", ""women's shoes - Fashion Sandals""})",0.05733333333333333,0.0128,0.005333333333333333,0.09302325581395349,7.267441860465116,0.004599466666666666,1.088451282051282
"frozenset({""women's shoes - Ballerinas""})","frozenset({""women's clothing - Lingerie & Nightwear""})",0.0544,0.0416,0.009066666666666667,0.16666666666666669,4.006410256410257,0.006803626666666668,1.1500800000000002
"frozenset({""women's clothing - Lingerie & Nightwear""})","frozenset({""women's shoes - Ballerinas""})",0.0416,0.0544,0.009066666666666667,0.21794871794871798,4.006410256410257,0.006803626666666668,1.209127868852459
"frozenset({""women's shoes - Shoes""})","frozenset({""women's clothing - Lingerie & Nightwear""})",0.05333333333333334,0.0416,0.0056,0.105,2.5240384615384617,0.0033813333333333334,1.0708379888268156
"frozenset({""women's clothing - Lingerie & Nightwear""})","frozenset({""women's shoes - Shoes""})",0.0416,0.05333333333333334,0.0056,0.1346153846153846,2.5240384615384612,0.0033813333333333334,1.093925925925926
"frozenset({""women's shoes - Fashion Sandals""})","frozenset({""women's clothing - Lingerie & Nightwear""})",0.0576,0.0416,0.009333333333333334,0.16203703703703706,3.8951210826210834,0.0069371733333333345,1.1437259668508288
"frozenset({""women's clothing - Lingerie & Nightwear""})","frozenset({""women's shoes - Fashion Sandals""})",0.0416,0.0576,0.009333333333333334,0.2243589743589744,3.8951210826210834,0.0069371733333333345,1.2149950413223143
"frozenset({""men's clothing - T-shirts & Polos""})","frozenset({""women's clothing - Lingerie & Nightwear""})",0.04426666666666667,0.0416,0.008533333333333334,0.1927710843373494,4.633920296570899,0.00669184,1.1872716417910447
"frozenset({""women's clothing - Lingerie & Nightwear""})","frozenset({""men's clothing - T-shirts & Polos""})",0.0416,0.04426666666666667,0.008533333333333334,0.20512820512820515,4.633920296570899,0.00669184,1.2023741935483871
"frozenset({""men's clothing - Innerwear""})","frozenset({""women's clothing - Lingerie & Nightwear""})",0.04373333333333333,0.0416,0.005866666666666667,0.13414634146341464,3.2246716697936213,0.00404736,1.1068845070422535
"frozenset({""women's clothing - Lingerie & Nightwear""})","frozenset({""men's clothing - Innerwear""})",0.0416,0.04373333333333333,0.005866666666666667,0.14102564102564102,3.224671669793621,0.00404736,1.113265671641791
"frozenset({""men's clothing - Jeans""})","frozenset({""women's clothing - Lingerie & Nightwear""})",0.0464,0.0416,0.008266666666666667,0.17816091954022992,4.282714412024758,0.006336426666666667,1.166165034965035
"frozenset({""women's clothing - Lingerie & Nightwear""})","frozenset({""men's clothing - Jeans""})",0.0416,0.0464,0.008266666666666667,0.19871794871794873,4.282714412024758,0.006336426666666667,1.1900928
"frozenset({""women's shoes - Fashion Sandals""})","frozenset({""women's shoes - Shoes""})",0.0576,0.05333333333333334,0.021066666666666668,0.36574074074074076,6.857638888888888,0.017994666666666666,1.4925547445255474
"frozenset({""women's shoes - Shoes""})","frozenset({""women's shoes - Fashion Sandals""})",0.05333333333333334,0.0576,0.021066666666666668,0.395,6.857638888888889,0.017994666666666666,1.5576859504132232
"frozenset({""women's shoes - Shoes""})","frozenset({""women's shoes - Ballerinas""})",0.05333333333333334,0.0544,0.019733333333333332,0.36999999999999994,6.8014705882352935,0.016832,1.5009523809523806
"frozenset({""women's shoes - Ballerinas""})","frozenset({""women's shoes - Shoes""})",0.0544,0.05333333333333334,0.019733333333333332,0.3627450980392157,6.8014705882352935,0.016832,1.4855384615384617
"frozenset({""men's shoes - Sports Shoes""})","frozenset({""women's shoes - Shoes""})",0.05893333333333333,0.05333333333333334,0.010133333333333333,0.17194570135746606,3.2239819004524883,0.0069902222222222215,1.1432422586520947
"frozenset({""women's shoes - Shoes""})","frozenset({""men's shoes - Sports Shoes""})",0.05333333333333334,0.05893333333333333,0.010133333333333333,0.18999999999999997,3.2239819004524883,0.0069902222222222215,1.1618106995884774
"frozenset({""women's shoes - Shoes""})","frozenset({""men's shoes - Casual Shoes""})",0.05333333333333334,0.05733333333333333,0.010933333333333333,0.205,3.575581395348837,0.007875555555555556,1.1857442348008385
"frozenset({""men's shoes - Casual Shoes""})","frozenset({""women's shoes - Shoes""})",0.05733333333333333,0.05333333333333334,0.010933333333333333,0.19069767441860463,3.5755813953488365,0.007875555555555556,1.1697318007662836
"frozenset({""women's shoes - Fashion Sandals"", ""women's shoes - Shoes""})","frozenset({""women's shoes - Ballerinas""})",0.021066666666666668,0.0544,0.008533333333333334,0.4050632911392405,7.446016381236039,0.007387306666666667,1.5894127659574466
"frozenset({""women's shoes - Fashion Sandals"", ""women's shoes - Ballerinas""})","frozenset({""women's shoes - Shoes""})",0.023466666666666667,0.05333333333333334,0.008533333333333334,0.36363636363636365,6.818181818181818,0.007281777777777778,1.4876190476190476
"frozenset({""women's shoes - Shoes"", ""women's shoes - Ballerinas""})","frozenset({""women's shoes - Fashion Sandals""})",0.019733333333333332,0.0576,0.008533333333333334,0.4324324324324325,7.507507507507509,0.007396693333333334,1.6604190476190477
"frozenset({""women's shoes - Fashion Sandals""})","frozenset({""women's shoes - Shoes"", ""women's shoes - Ballerinas""})",0.0576,0.019733333333333332,0.008533333333333334,0.14814814814814817,7.507507507507509,0.007396693333333334,1.1507478260869564
"frozenset({""women's shoes - Shoes""})","frozenset({""women's shoes - Fashion Sandals"", ""women's shoes - Ballerinas""})",0.05333333333333334,0.023466666666666667,0.008533333333333334,0.16,6.818181818181818,0.007281777777777778,1.1625396825396825
"frozenset({""women's shoes - Ballerinas""})","frozenset({""women's shoes - Fashion Sandals"", ""women's shoes - Shoes""})",0.0544,0.021066666666666668,0.008533333333333334,0.15686274509803924,7.446016381236039,0.007387306666666667,1.161060465116279
"frozenset({""men's shoes - Sports Shoes"", ""women's shoes - Shoes""})","frozenset({""men's shoes - Casual Shoes""})",0.010133333333333333,0.05733333333333333,0.005066666666666666,0.5,8.720930232558139,0.0044856888888888885,1.8853333333333333
"frozenset({""men's shoes - Sports Shoes"", ""men's shoes - Casual Shoes""})","frozenset({""women's shoes - Shoes""})",0.025866666666666666,0.05333333333333334,0.005066666666666666,0.1958762886597938,3.672680412371134,0.0036871111111111106,1.1772649572649572
"frozenset({""women's shoes - Shoes"", ""men's shoes - Casual Shoes""})","frozenset({""men's shoes - Sports Shoes""})",0.010933333333333333,0.05893333333333333,0.005066666666666666,0.46341463414634143,7.863370488908509,0.004422328888888888,1.7538060606060606
"frozenset({""men's shoes - Sports Shoes""})","frozenset({""women's shoes - Shoes"", ""men's shoes - Casual Shoes""})",0.05893333333333333,0.010933333333333333,0.005066666666666666,0.08597285067873303,7.863370488908509,0.004422328888888888,1.082097689768977
"frozenset({""women's shoes - Shoes""})","frozenset({""men's shoes - Sports Shoes"", ""men's shoes - Casual Shoes""})",0.05333333333333334,0.025866666666666666,0.005066666666666666,0.09499999999999999,3.6726804123711334,0.0036871111111111106,1.076390423572744
"frozenset({""men's shoes - Casual Shoes""})","frozenset({""men's shoes - Sports Shoes"", ""women's shoes - Shoes""})",0.05733333333333333,0.010133333333333333,0.005066666666666666,0.08837209302325581,8.72093023255814,0.0044856888888888885,1.0858231292517007
"frozenset({""men's shoes - Sports Shoes""})","frozenset({""women's shoes - Fashion Sandals""})",0.05893333333333333,0.0576,0.0128,0.21719457013574664,3.7707390648567127,0.009405440000000001,1.2038751445086706
"frozenset({""women's shoes - Fashion Sandals""})","frozenset({""men's shoes - Sports Shoes""})",0.0576,0.05893333333333333,0.0128,0.22222222222222224,3.7707390648567123,0.009405440000000001,1.2099428571428572
"frozenset({""women's shoes - Fashion Sandals""})","frozenset({""women's shoes - Ballerinas""})",0.0576,0.0544,0.023466666666666667,0.40740740740740744,7.489106753812637,0.020333226666666666,1.5957000000000001
"frozenset({""women's shoes - Ballerinas""})","frozenset({""women's shoes - Fashion Sandals""})",0.0544,0.0576,0.023466666666666667,0.43137254901960786,7.489106753812637,0.020333226666666666,1.6573241379310346
"frozenset({""men's shoes - Sports Shoes""})","frozenset({""women's shoes - Ballerinas""})",0.05893333333333333,0.0544,0.012,0.20361990950226247,3.7430130423210013,0.008794026666666666,1.1873727272727272
"frozenset({""women's shoes - Ballerinas""})","frozenset({""men's shoes - Sports Shoes""})",0.0544,0.05893333333333333,0.012,0.22058823529411767,3.7430130423210013,0.008794026666666666,1.207406289308176
"frozenset({""women's shoes - Ballerinas""})","frozenset({""men's shoes - Casual Shoes""})",0.0544,0.05733333333333333,0.0096,0.1764705882352941,3.0779753761969904,0.006481066666666666,1.1446666666666667
"frozenset({""men's shoes - Casual Shoes""})","frozenset({""women's shoes - Ballerinas""})",0.05733333333333333,0.0544,0.0096,0.16744186046511628,3.0779753761969904,0.006481066666666666,1.1357765363128491
"frozenset({""women's shoes - Fashion Sandals"", ""women's shoes - Ballerinas""})","frozenset({""men's shoes - Sports Shoes""})",0.023466666666666667,0.05893333333333333,0.005333333333333333,0.22727272727272727,3.8564376799670916,0.003950364444444444,1.217850980392157
"frozenset({""women's shoes - Fashion Sandals"", ""men's shoes - Sports Shoes""})","frozenset({""women's shoes - Ballerinas""})",0.0128,0.0544,0.005333333333333333,0.41666666666666663,7.659313725490196,0.004637013333333333,1.6210285714285713
"frozenset({""men's shoes - Sports Shoes"", ""women's shoes - Ballerinas""})","frozenset({""women's shoes - Fashion Sandals""})",0.012,0.0576,0.005333333333333333,0.4444444444444444,7.716049382716049,0.004642133333333333,1.69632
"frozenset({""women's shoes - Fashion Sandals""})","frozenset({""men's shoes - Sports Shoes"", ""women's shoes - Ballerinas""})",0.0576,0.012,0.005333333333333333,0.09259259259259259,7.716049382716049,0.004642133333333333,1.088816326530612
"frozenset({""women's shoes - Ballerinas""})","frozenset({""women's shoes - Fashion Sandals"", ""men's shoes - Sports Shoes""})",0.0544,0.0128,0.005333333333333333,0.09803921568627451,7.659313725490196,0.004637013333333333,1.094504347826087
"frozenset({""men's shoes - Sports Shoes""})","frozenset({""women's shoes - Fashion Sandals"", ""women's shoes - Ballerinas""})",0.05893333333333333,0.023466666666666667,0.005333333333333333,0.09049773755656108,3.8564376799670916,0.003950364444444444,1.0737008291873964
"frozenset({""men's shoes - Sports Shoes"", ""women's shoes - Ballerinas""})","frozenset({""men's shoes - Casual Shoes""})",0.012,0.05733333333333333,0.005333333333333333,0.4444444444444444,7.751937984496124,0.004645333333333333,1.6967999999999999
"frozenset({""men's shoes - Sports Shoes"", ""men's shoes - Casual Shoes""})","frozenset({""women's shoes - Ballerinas""})",0.025866666666666666,0.0544,0.005333333333333333,0.20618556701030927,3.790175864160097,0.003926186666666666,1.1912103896103896
"frozenset({""women's shoes - Ballerinas"", ""men's shoes - Casual Shoes""})","frozenset({""men's shoes - Sports Shoes""})",0.0096,0.05893333333333333,0.005333333333333333,0.5555555555555556,9.42684766214178,0.004767573333333333,2.1174000000000004
"frozenset({""men's shoes - Sports Shoes""})","frozenset({""women's shoes - Ballerinas"", ""men's shoes - Casual Shoes""})",0.05893333333333333,0.0096,0.005333333333333333,0.09049773755656108,9.42684766214178,0.004767573333333333,1.088947263681592
"frozenset({""women's shoes - Ballerinas""})","frozenset({""men's shoes - Sports Shoes"", ""men's shoes - Casual Shoes""})",0.0544,0.025866666666666666,0.005333333333333333,0.09803921568627451,3.790175864160097,0.003926186666666666,1.0800173913043478
"frozenset({""men's shoes - Casual Shoes""})","frozenset({""men's shoes - Sports Shoes"", ""women's shoes - Ballerinas""})",0.05733333333333333,0.012,0.005333333333333333,0.09302325581395349,7.751937984496124,0.004645333333333333,1.0893333333333333
"frozenset({""women's shoes - Ballerinas""})","frozenset({""women's clothing - Ethnic Wear""})",0.0544,0.0376,0.005333333333333333,0.09803921568627451,2.607425949103045,0.0032878933333333332,1.0670086956521738
"frozenset({""women's clothing - Ethnic Wear""})","frozenset({""women's shoes - Ballerinas""})",0.0376,0.0544,0.005333333333333333,0.14184397163120566,2.607425949103045,0.0032878933333333332,1.101897520661157
"frozenset({""women's shoes - Fashion Sandals""})","frozenset({""women's clothing - Ethnic Wear""})",0.0576,0.0376,0.005333333333333333,0.09259259259259259,2.462568951930654,0.003167573333333333,1.060604081632653
"frozenset({""women's clothing - Ethnic Wear""})","frozenset({""women's shoes - Fashion Sandals""})",0.0376,0.0576,0.005333333333333333,0.14184397163120566,2.462568951930654,0.003167573333333333,1.0981685950413222
"frozenset({""women's clothing - Ethnic Wear""})","frozenset({""women's clothing - Lingerie & Nightwear""})",0.0376,0.0416,0.0104,0.276595744680851,6.648936170212766,0.00883584,1.3248470588235293
"frozenset({""women's clothing - Lingerie & Nightwear""})","frozenset({""women's clothing - Ethnic Wear""})",0.0416,0.0376,0.0104,0.25,6.648936170212766,0.00883584,1.2832000000000001
"frozenset({""women's shoes - Shoes""})","frozenset({""women's clothing - Ethnic Wear""})",0.05333333333333334,0.0376,0.006933333333333333,0.12999999999999998,3.4574468085106376,0.004928,1.1062068965517242
"frozenset({""women's clothing - Ethnic Wear""})","frozenset({""women's shoes - Shoes""})",0.0376,0.05333333333333334,0.006933333333333333,0.18439716312056736,3.457446808510638,0.004928,1.1606956521739131
"frozenset({""women's clothing - Western Wear""})","frozenset({""women's clothing - Ethnic Wear""})",0.0392,0.0376,0.0096,0.24489795918367346,6.513243595310464,0.008126079999999999,1.2745297297297298
"frozenset({""women's clothing - Ethnic Wear""})","frozenset({""women's clothing - Western Wear""})",0.0376,0.0392,0.0096,0.2553191489361702,6.513243595310464,0.008126079999999999,1.2902171428571427
"frozenset({""women's clothing - Ethnic Wear""})","frozenset({""men's clothing - Innerwear""})",0.0376,0.04373333333333333,0.0064,0.1702127659574468,3.8920601971977167,0.004755626666666667,1.1524239316239318
"frozenset({""men's clothing - Innerwear""})","frozenset({""women's clothing - Ethnic Wear""})",0.04373333333333333,0.0376,0.0064,0.14634146341463417,3.892060197197717,0.004755626666666667,1.1273828571428572
"frozenset({""men's clothing - T-shirts & Polos""})","frozenset({""women's clothing - Ethnic Wear""})",0.04426666666666667,0.0376,0.006933333333333333,0.15662650602409636,4.165598564470648,0.005268906666666667,1.1411314285714285
"frozenset({""women's clothing - Ethnic Wear""})","frozenset({""men's clothing - T-shirts & Polos""})",0.0376,0.04426666666666667,0.006933333333333333,0.18439716312056736,4.165598564470648,0.005268906666666667,1.1718121739130436
"frozenset({""men's clothing - Shirts""})","frozenset({""women's clothing - Ethnic Wear""})",0.0408,0.0376,0.0061333333333333335,0.1503267973856209,3.998053121958003,0.004599253333333333,1.1326707692307694
"frozenset({""women's clothing - Ethnic Wear""})","frozenset({""men's clothing - Shirts""})",0.0376,0.0408,0.0061333333333333335,0.1631205673758865,3.9980531219580024,0.004599253333333333,1.1461627118644069
"frozenset({""men's clothing - Jeans""})","frozenset({""women's clothing - Ethnic Wear""})",0.0464,0.0376,0.008266666666666667,0.17816091954022992,4.738322328197604,0.0065220266666666665,1.171032167832168
"frozenset({""women's clothing - Ethnic Wear""})","frozenset({""men's clothing - Jeans""})",0.0376,0.0464,0.008266666666666667,0.2198581560283688,4.738322328197604,0.0065220266666666665,1.2223418181818182
"frozenset({""women's clothing - Clothing""})","frozenset({""women's clothing - Ethnic Wear""})",0.0368,0.0376,0.009066666666666667,0.2463768115942029,6.552574776441567,0.007682986666666667,1.2770307692307692
"frozenset({""women's clothing - Ethnic Wear""})","frozenset({""women's clothing - Clothing""})",0.0376,0.0368,0.009066666666666667,0.24113475177304966,6.552574776441567,0.007682986666666667,1.2692635514018693
"frozenset({""women's shoes - Fashion Sandals""})","frozenset({""women's clothing - Clothing""})",0.0576,0.0368,0.009066666666666667,0.1574074074074074,4.277375201288245,0.006946986666666667,1.1431384615384617
"frozenset({""women's clothing - Clothing""})","frozenset({""women's shoes - Fashion Sandals""})",0.0368,0.0576,0.009066666666666667,0.2463768115942029,4.277375201288245,0.006946986666666667,1.2504923076923078
"frozenset({""women's shoes - Ballerinas""})","frozenset({""women's clothing - Clothing""})",0.0544,0.0368,0.008533333333333334,0.15686274509803924,4.262574595055415,0.006531413333333334,1.1424
"frozenset({""women's clothing - Clothing""})","frozenset({""women's shoes - Ballerinas""})",0.0368,0.0544,0.008533333333333334,0.2318840579710145,4.262574595055414,0.006531413333333334,1.2310641509433962
"frozenset({""women's shoes - Shoes""})","frozenset({""women's clothing - Clothing""})",0.05333333333333334,0.0368,0.006666666666666667,0.125,3.3967391304347827,0.004704,1.1008
"frozenset({""women's clothing - Clothing""})","frozenset({""women's shoes - Shoes""})",0.0368,0.05333333333333334,0.006666666666666667,0.1811594202898551,3.3967391304347827,0.004704,1.1561061946902655
"frozenset({""women's clothing - Western Wear""})","frozenset({""women's clothing - Clothing""})",0.0392,0.0368,0.009066666666666667,0.23129251700680276,6.285122744750075,0.0076241066666666675,1.2530123893805312
"frozenset({""women's clothing - Clothing""})","frozenset({""women's clothing - Western Wear""})",0.0368,0.0392,0.009066666666666667,0.2463768115942029,6.285122744750074,0.0076241066666666675,1.2749076923076923
"frozenset({""women's clothing - Clothing""})","frozenset({""women's clothing - Lingerie & Nightwear""})",0.0368,0.0416,0.011466666666666667,0.3115942028985507,7.490245261984393,0.009935786666666667,1.3922021052631581
"frozenset({""women's clothing - Lingerie & Nightwear""})","frozenset({""women's clothing - Clothing""})",0.0416,0.0368,0.011466666666666667,0.27564102564102566,7.490245261984393,0.009935786666666667,1.3297274336283187
"frozenset({""men's clothing - T-shirts & Polos""})","frozenset({""women's clothing - Clothing""})",0.04426666666666667,0.0368,0.0064,0.14457831325301204,3.92875851231011,0.004770986666666667,1.1259943661971832
"frozenset({""women's clothing - Clothing""})","frozenset({""men's clothing - T-shirts & Polos""})",0.0368,0.04426666666666667,0.0064,0.1739130434782609,3.92875851231011,0.004770986666666667,1.156940350877193
"frozenset({""women's clothing - Clothing""})","frozenset({""men's clothing - Innerwear""})",0.0368,0.04373333333333333,0.005866666666666667,0.15942028985507248,3.645281018027572,0.0042572800000000004,1.1376275862068967
"frozenset({""men's clothing - Innerwear""})","frozenset({""women's clothing - Clothing""})",0.04373333333333333,0.0368,0.005866666666666667,0.13414634146341464,3.6452810180275717,0.0042572800000000004,1.1124281690140845
"frozenset({""men's clothing - Jeans""})","frozenset({""women's clothing - Clothing""})",0.0464,0.0368,0.0056,0.1206896551724138,3.279610194902549,0.0038924800000000002,1.0954039215686275
"frozenset({""women's clothing - Clothing""})","frozenset({""men's clothing - Jeans""})",0.0368,0.0464,0.0056,0.15217391304347827,3.279610194902549,0.0038924800000000002,1.1247589743589743
"frozenset({""women's shoes - Fashion Sandals""})","frozenset({""women's clothing - Western Wear""})",0.0576,0.0392,0.009066666666666667,0.1574074074074074,4.015495086923659,0.006808746666666667,1.14029010989011
"frozenset({""women's clothing - Western Wear""})","frozenset({""women's shoes - Fashion Sandals""})",0.0392,0.0576,0.009066666666666667,0.23129251700680276,4.015495086923659,0.006808746666666667,1.225953982300885
"frozenset({""women's clothing - Western Wear""})","frozenset({""women's shoes - Shoes""})",0.0392,0.05333333333333334,0.008,0.20408163265306123,3.826530612244898,0.005909333333333333,1.1894017094017093
"frozenset({""women's shoes - Shoes""})","frozenset({""women's clothing - Western Wear""})",0.05333333333333334,0.0392,0.008,0.15,3.826530612244898,0.005909333333333333,1.1303529411764706
"frozenset({""women's clothing - Western Wear""})","frozenset({""women's shoes - Ballerinas""})",0.0392,0.0544,0.007733333333333333,0.19727891156462585,3.6264505802320928,0.005600853333333333,1.1779932203389831
"frozenset({""women's shoes - Ballerinas""})","frozenset({""women's clothing - Western Wear""})",0.0544,0.0392,0.007733333333333333,0.14215686274509806,3.6264505802320937,0.005600853333333333,1.1200182857142857
"frozenset({""women's clothing - Western Wear""})","frozenset({""women's clothing - Lingerie & Nightwear""})",0.0392,0.0416,0.012266666666666667,0.3129251700680272,7.522239665096809,0.010635946666666667,1.3948990099009901
"frozenset({""women's clothing - Lingerie & Nightwear""})","frozenset({""women's clothing - Western Wear""})",0.0416,0.0392,0.012266666666666667,0.2948717948717949,7.522239665096809,0.010635946666666667,1.362589090909091
"frozenset({""women's clothing - Western Wear""})","frozenset({""men's clothing - T-shirts & Polos""})",0.0392,0.04426666666666667,0.006933333333333333,0.17687074829931973,3.995574133267765,0.00519808,1.161097520661157
"frozenset({""men's clothing - T-shirts & Polos""})","frozenset({""women's clothing - Western Wear""})",0.04426666666666667,0.0392,0.006933333333333333,0.15662650602409636,3.9955741332677643,0.00519808,1.1392342857142856
"frozenset({""women's clothing - Western Wear""})","frozenset({""men's clothing - Shirts""})",0.0392,0.0408,0.005866666666666667,0.14965986394557823,3.6681339202347605,0.0042673066666666665,1.1280192
"frozenset({""men's clothing - Shirts""})","frozenset({""women's clothing - Western Wear""})",0.0408,0.0392,0.005866666666666667,0.1437908496732026,3.6681339202347605,0.0042673066666666665,1.1221557251908396
"frozenset({""women's clothing - Western Wear""})","frozenset({""men's clothing - Innerwear""})",0.0392,0.04373333333333333,0.0056,0.14285714285714285,3.2665505226480835,0.0038856533333333334,1.1156444444444444
"frozenset({""men's clothing - Innerwear""})","frozenset({""women's clothing - Western Wear""})",0.04373333333333333,0.0392,0.0056,0.12804878048780488,3.266550522648084,0.0038856533333333334,1.1018965034965036
"frozenset({""women's clothing - Western Wear""})","frozenset({""men's clothing - Jeans""})",0.0392,0.0464,0.008533333333333334,0.217687074829932,4.691531785127845,0.006714453333333334,1.2189495652173914
"frozenset({""men's clothing - Jeans""})","frozenset({""women's clothing - Western Wear""})",0.0464,0.0392,0.008533333333333334,0.18390804597701152,4.691531785127845,0.006714453333333334,1.1773183098591549
frozenset({'toys & baby products - Strollers & Prams'}),"frozenset({""kids' fashion - School Bags""})",0.021333333333333333,0.0344,0.006933333333333333,0.325,9.44767441860465,0.006199466666666666,1.4305185185185185
"frozenset({""kids' fashion - School Bags""})",frozenset({'toys & baby products - Strollers & Prams'}),0.0344,0.021333333333333333,0.006933333333333333,0.20155038759689922,9.44767441860465,0.006199466666666666,1.2257087378640776
"frozenset({""kids' fashion - Kids' Clothing""})","frozenset({""kids' fashion - Kids' Watches""})",0.029066666666666668,0.029866666666666666,0.006666666666666667,0.22935779816513763,7.679390563564876,0.005798542222222223,1.258863492063492
"frozenset({""kids' fashion - Kids' Watches""})","frozenset({""kids' fashion - Kids' Clothing""})",0.029866666666666666,0.029066666666666668,0.006666666666666667,0.22321428571428573,7.679390563564875,0.005798542222222223,1.2499371647509578
"frozenset({""kids' fashion - Kids' Clothing""})","frozenset({""kids' fashion - School Bags""})",0.029066666666666668,0.0344,0.0064,0.22018348623853212,6.400682739492213,0.005400106666666667,1.23824
"frozenset({""kids' fashion - School Bags""})","frozenset({""kids' fashion - Kids' Clothing""})",0.0344,0.029066666666666668,0.0064,0.18604651162790697,6.400682739492212,0.005400106666666667,1.1928609523809524
frozenset({'toys & baby products - Baby Products'}),"frozenset({""kids' fashion - School Bags""})",0.023466666666666667,0.0344,0.005866666666666667,0.25,7.267441860465116,0.005059413333333334,1.2874666666666668
"frozenset({""kids' fashion - School Bags""})",frozenset({'toys & baby products - Baby Products'}),0.0344,0.023466666666666667,0.005866666666666667,0.17054263565891473,7.267441860465116,0.005059413333333334,1.1773158878504673
"frozenset({""kids' fashion - Kids' Watches""})","frozenset({""kids' fashion - Baby Fashion""})",0.029866666666666666,0.027466666666666667,0.0056,0.1875,6.826456310679611,0.004779662222222222,1.1969641025641027
"frozenset({""kids' fashion - Baby Fashion""})","frozenset({""kids' fashion - Kids' Watches""})",0.027466666666666667,0.029866666666666666,0.0056,0.20388349514563106,6.826456310679611,0.004779662222222222,1.2185821138211381
frozenset({'toys & baby products - Nursing & Feeding'}),"frozenset({""kids' fashion - School Bags""})",0.02,0.0344,0.005066666666666666,0.2533333333333333,7.364341085271317,0.004378666666666666,1.2932142857142856
"frozenset({""kids' fashion - School Bags""})",frozenset({'toys & baby products - Nursing & Feeding'}),0.0344,0.02,0.005066666666666666,0.14728682170542634,7.364341085271317,0.004378666666666666,1.1492727272727272
frozenset({'toys & baby products - Nursing & Feeding'}),"frozenset({""kids' fashion - Kids' Fashion""})",0.02,0.028533333333333334,0.005333333333333333,0.26666666666666666,9.345794392523365,0.004762666666666667,1.3247272727272728
"frozenset({""kids' fashion - Kids' Fashion""})",frozenset({'toys & baby products - Nursing & Feeding'}),0.028533333333333334,0.02,0.005333333333333333,0.18691588785046728,9.345794392523365,0.004762666666666667,1.2052873563218391
frozenset({'toys & baby products - International Toy Store'}),frozenset({'toys & baby products - Toys Gifting Store'}),0.018933333333333333,0.0264,0.005333333333333333,0.28169014084507044,10.670081092616304,0.0048334933333333335,1.3554039215686275
frozenset({'toys & baby products - Toys Gifting Store'}),frozenset({'toys & baby products - International Toy Store'}),0.0264,0.018933333333333333,0.005333333333333333,0.20202020202020202,10.670081092616304,0.0048334933333333335,1.2294379746835442
"frozenset({""kids' fashion - Kids' Fashion""})","frozenset({""kids' fashion - Kids' Watches""})",0.028533333333333334,0.029866666666666666,0.007466666666666667,0.2616822429906542,8.761682242990654,0.006614471111111111,1.31397805907173
"frozenset({""kids' fashion - Kids' Watches""})","frozenset({""kids' fashion - Kids' Fashion""})",0.029866666666666666,0.028533333333333334,0.007466666666666667,0.25,8.761682242990654,0.006614471111111111,1.295288888888889
"frozenset({""kids' fashion - Kids' Clothing""})","frozenset({""kids' fashion - Kids' Fashion""})",0.029066666666666668,0.028533333333333334,0.0056,0.19266055045871558,6.752122095515733,0.004770631111111111,1.2032939393939395
"frozenset({""kids' fashion - Kids' Fashion""})","frozenset({""kids' fashion - Kids' Clothing""})",0.028533333333333334,0.029066666666666668,0.0056,0.19626168224299065,6.752122095515733,0.004770631111111111,1.2080217054263567
"frozenset({""kids' fashion - Kids' Fashion""})","frozenset({""kids' fashion - School Bags""})",0.028533333333333334,0.0344,0.0072,0.2523364485981308,7.33536187785264,0.006218453333333333,1.2914899999999998
"frozenset({""kids' fashion - School Bags""})","frozenset({""kids' fashion - Kids' Fashion""})",0.0344,0.028533333333333334,0.0072,0.20930232558139533,7.33536187785264,0.006218453333333333,1.2286196078431373
"frozenset({""kids' fashion - Kids' Shoes""})","frozenset({""kids' fashion - Kids' Fashion""})",0.027466666666666667,0.028533333333333334,0.005333333333333333,0.1941747572815534,6.805190091643226,0.004549617777777778,1.2055550200803213
"frozenset({""kids' fashion - Kids' Fashion""})","frozenset({""kids' fashion - Kids' Shoes""})",0.028533333333333334,0.027466666666666667,0.005333333333333333,0.18691588785046728,6.805190091643226,0.004549617777777778,1.196104214559387
"frozenset({""kids' fashion - Kids' Shoes""})","frozenset({""kids' fashion - Kids' Watches""})",0.027466666666666667,0.029866666666666666,0.006666666666666667,0.24271844660194175,8.126733703190014,0.005846328888888889,1.2810735042735042
"frozenset({""kids' fashion - Kids' Watches""})","frozenset({""kids' fashion - Kids' Shoes""})",0.029866666666666666,0.027466666666666667,0.006666666666666667,0.22321428571428573,8.126733703190014,0.005846328888888889,1.2519969348659004
"frozenset({""kids' fashion - Kids' Shoes""})","frozenset({""kids' fashion - School Bags""})",0.027466666666666667,0.0344,0.007733333333333333,0.2815533980582524,8.184691804018966,0.00678848,1.3440108108108109
"frozenset({""kids' fashion - School Bags""})","frozenset({""kids' fashion - Kids' Shoes""})",0.0344,0.027466666666666667,0.007733333333333333,0.2248062015503876,8.184691804018966,0.00678848,1.254568
"frozenset({""kids' fashion - Kids' Shoes""})",frozenset({'toys & baby products - Toys Gifting Store'}),0.027466666666666667,0.0264,0.005333333333333333,0.1941747572815534,7.355104442483083,0.004608213333333333,1.2082024096385542
frozenset({'toys & baby products - Toys Gifting Store'}),"frozenset({""kids' fashion - Kids' Shoes""})",0.0264,0.027466666666666667,0.005333333333333333,0.20202020202020202,7.355104442483083,0.004608213333333333,1.2187443037974683
"frozenset({""kids' fashion - Kids' Fashion""})",frozenset({'toys & baby products - Toys Gifting Store'}),0.028533333333333334,0.0264,0.005333333333333333,0.18691588785046728,7.080147267063155,0.004580053333333333,1.197416091954023
frozenset({'toys & baby products - Toys Gifting Store'}),"frozenset({""kids' fashion - Kids' Fashion""})",0.0264,0.028533333333333334,0.005333333333333333,0.20202020202020202,7.080147267063155,0.004580053333333333,1.217407594936709
"frozenset({""kids' fashion - Baby Fashion""})",frozenset({'toys & baby products - Toys Gifting Store'}),0.027466666666666667,0.0264,0.0061333333333333335,0.22330097087378642,8.458370108855545,0.005408213333333333,1.2535100000000001
frozenset({'toys & baby products - Toys Gifting Store'}),"frozenset({""kids' fashion - Baby Fashion""})",0.0264,0.027466666666666667,0.0061333333333333335,0.23232323232323232,8.458370108855545,0.005408213333333333,1.2668526315789472
frozenset({'toys & baby products - Toys Gifting Store'}),"frozenset({""kids' fashion - School Bags""})",0.0264,0.0344,0.0061333333333333335,0.23232323232323232,6.753582334977684,0.005225173333333334,1.257821052631579
"frozenset({""kids' fashion - School Bags""})",frozenset({'toys & baby products - Toys Gifting Store'}),0.0344,0.0264,0.0061333333333333335,0.17829457364341086,6.7535823349776845,0.005225173333333334,1.1848528301886792
"frozenset({""kids' fashion - Kids' Watches""})",frozenset({'toys & baby products - Toys Gifting Store'}),0.029866666666666666,0.0264,0.005066666666666666,0.16964285714285712,6.4258658008658,0.004278186666666666,1.1725075268817204
frozenset({'toys & baby products - Toys Gifting Store'}),"frozenset({""kids' fashion - Kids' Watches""})",0.0264,0.029866666666666666,0.005066666666666666,0.1919191919191919,6.4258658008658,0.004278186666666666,1.20054
"frozenset({""kids' fashion - Kids' Clothing""})",frozenset({'toys & baby products - Toys Gifting Store'}),0.029066666666666668,0.0264,0.0061333333333333335,0.21100917431192662,7.992771754239644,0.005365973333333334,1.2339813953488374
frozenset({'toys & baby products - Toys Gifting Store'}),"frozenset({""kids' fashion - Kids' Clothing""})",0.0264,0.029066666666666668,0.0061333333333333335,0.23232323232323232,7.9927717542396435,0.005365973333333334,1.2647684210526315
"frozenset({""kids' fashion - Kids' Fashion""})",frozenset({'toys & baby products - Diapers'}),0.028533333333333334,0.0208,0.005066666666666666,0.17757009345794392,8.537023723939612,0.004473173333333333,1.1906181818181818
frozenset({'toys & baby products - Diapers'}),"frozenset({""kids' fashion - Kids' Fashion""})",0.0208,0.028533333333333334,0.005066666666666666,0.24358974358974358,8.537023723939612,0.004473173333333333,1.2843118644067797
frozenset({'toys & baby products - Diapers'}),"frozenset({""kids' fashion - School Bags""})",0.0208,0.0344,0.005066666666666666,0.24358974358974358,7.081097197376267,0.0043511466666666665,1.27655593220339
"frozenset({""kids' fashion - School Bags""})",frozenset({'toys & baby products - Diapers'}),0.0344,0.0208,0.005066666666666666,0.14728682170542634,7.081097197376267,0.0043511466666666665,1.1483345454545455
"frozenset({""kids' fashion - Kids' Watches""})","frozenset({""kids' fashion - School Bags""})",0.029866666666666666,0.0344,0.0072,0.24107142857142858,7.007890365448505,0.006172586666666666,1.2723200000000001
"frozenset({""kids' fashion - School Bags""})","frozenset({""kids' fashion - Kids' Watches""})",0.0344,0.029866666666666666,0.0072,0.20930232558139533,7.007890365448504,0.006172586666666666,1.2269333333333332
"frozenset({'tv, audio & cameras - Home Audio & Theater'})","frozenset({'tv, audio & cameras - Headphones'})",0.023733333333333332,0.0256,0.005333333333333333,0.2247191011235955,8.77808988764045,0.00472576,1.2568347826086956
"frozenset({'tv, audio & cameras - Headphones'})","frozenset({'tv, audio & cameras - Home Audio & Theater'})",0.0256,0.023733333333333332,0.005333333333333333,0.20833333333333331,8.77808988764045,0.00472576,1.233178947368421
frozenset({'home & kitchen - Home Storage'}),"frozenset({'tv, audio & cameras - Speakers'})",0.0392,0.02266666666666667,0.0056,0.14285714285714285,6.30252100840336,0.004711466666666666,1.1402222222222222
"frozenset({'tv, audio & cameras - Speakers'})",frozenset({'home & kitchen - Home Storage'}),0.02266666666666667,0.0392,0.0056,0.24705882352941175,6.302521008403361,0.004711466666666666,1.2760625
"frozenset({'tv, audio & cameras - Home Entertainment Systems'})","frozenset({'tv, audio & cameras - Headphones'})",0.0264,0.0256,0.005866666666666667,0.22222222222222224,8.680555555555555,0.005190826666666667,1.2528000000000001
"frozenset({'tv, audio & cameras - Headphones'})","frozenset({'tv, audio & cameras - Home Entertainment Systems'})",0.0256,0.0264,0.005866666666666667,0.22916666666666666,8.680555555555555,0.005190826666666667,1.2630486486486485
frozenset({'home & kitchen - Indoor Lighting'}),"frozenset({'tv, audio & cameras - Security Cameras'})",0.0416,0.023466666666666667,0.0056,0.1346153846153846,5.736451048951048,0.004623786666666667,1.1284385185185186
"frozenset({'tv, audio & cameras - Security Cameras'})",frozenset({'home & kitchen - Indoor Lighting'}),0.023466666666666667,0.0416,0.0056,0.23863636363636362,5.736451048951049,0.004623786666666667,1.2587940298507463
"frozenset({'tv, audio & cameras - Home Entertainment Systems'})","frozenset({'tv, audio & cameras - Security Cameras'})",0.0264,0.023466666666666667,0.0061333333333333335,0.23232323232323232,9.900137741046832,0.005513813333333333,1.2720631578947368
"frozenset({'tv, audio & cameras - Security Cameras'})","frozenset({'tv, audio & cameras - Home Entertainment Systems'})",0.023466666666666667,0.0264,0.0061333333333333335,0.26136363636363635,9.900137741046832,0.005513813333333333,1.3181046153846154
